-- phpMyAdmin SQL Dump
-- version 4.1.14
-- http://www.phpmyadmin.net
--
-- Client :  127.0.0.1
-- Généré le :  Sam 30 Mai 2015 à 12:48
-- Version du serveur :  5.6.17
-- Version de PHP :  5.5.12

SET SQL_MODE = "NO_AUTO_VALUE_ON_ZERO";
SET time_zone = "+00:00";


/*!40101 SET @OLD_CHARACTER_SET_CLIENT=@@CHARACTER_SET_CLIENT */;
/*!40101 SET @OLD_CHARACTER_SET_RESULTS=@@CHARACTER_SET_RESULTS */;
/*!40101 SET @OLD_COLLATION_CONNECTION=@@COLLATION_CONNECTION */;
/*!40101 SET NAMES utf8 */;

--
-- Base de données :  `emalt`
--

-- --------------------------------------------------------

--
-- Structure de la table `audios`
--

CREATE TABLE IF NOT EXISTS `audios` (
  `id` int(11) NOT NULL AUTO_INCREMENT,
  `name` varchar(255) NOT NULL,
  `random_name` varchar(50) NOT NULL,
  `user_id` int(11) NOT NULL,
  PRIMARY KEY (`id`)
) ENGINE=InnoDB  DEFAULT CHARSET=latin1 AUTO_INCREMENT=2 ;

--
-- Contenu de la table `audios`
--

INSERT INTO `audios` (`id`, `name`, `random_name`, `user_id`) VALUES
(1, 'Coma', 'bvCD4nwbCR.mp3', 2);

-- --------------------------------------------------------

--
-- Structure de la table `courses`
--

CREATE TABLE IF NOT EXISTS `courses` (
  `id` int(11) NOT NULL AUTO_INCREMENT,
  `instrument_id` int(11) NOT NULL,
  `cycle` int(11) NOT NULL,
  `year` int(11) NOT NULL,
  PRIMARY KEY (`id`)
) ENGINE=InnoDB  DEFAULT CHARSET=latin1 AUTO_INCREMENT=83 ;

--
-- Contenu de la table `courses`
--

INSERT INTO `courses` (`id`, `instrument_id`, `cycle`, `year`) VALUES
(1, 32, 4, 1),
(2, 5, 4, 1),
(3, 10, 4, 1),
(4, 14, 4, 1),
(5, 13, 4, 1),
(6, 7, 4, 1),
(7, 15, 4, 1),
(8, 18, 4, 1),
(9, 1, 4, 1),
(10, 2, 4, 1),
(11, 8, 4, 1),
(12, 9, 4, 1),
(13, 19, 4, 1),
(14, 5, 1, 1),
(15, 5, 1, 2),
(16, 5, 1, 3),
(17, 5, 1, 4),
(18, 1, 1, 1),
(19, 1, 1, 2),
(20, 1, 1, 3),
(21, 1, 1, 4),
(22, 33, 4, 2),
(23, 4, 4, 1),
(25, 11, 4, 1),
(26, 21, 4, 1),
(27, 17, 4, 1),
(28, 16, 4, 1),
(29, 20, 4, 1),
(30, 29, 4, 1),
(31, 31, 4, 1),
(32, 26, 4, 1),
(33, 6, 4, 1),
(34, 34, 1, 1),
(35, 39, 1, 1),
(36, 38, 1, 2),
(37, 35, 1, 3),
(38, 36, 1, 4),
(39, 34, 2, 1),
(40, 13, 1, 1),
(41, 13, 1, 2),
(42, 13, 1, 3),
(43, 13, 1, 4),
(44, 5, 4, 2),
(45, 14, 4, 2),
(46, 13, 4, 2),
(47, 7, 4, 2),
(48, 10, 4, 2),
(49, 22, 4, 2),
(50, 31, 4, 2),
(52, 29, 4, 2),
(53, 15, 4, 2),
(54, 18, 4, 2),
(55, 1, 4, 2),
(56, 2, 4, 2),
(57, 4, 4, 2),
(58, 11, 4, 2),
(59, 8, 4, 2),
(60, 9, 4, 2),
(61, 19, 4, 2),
(62, 21, 4, 2),
(63, 20, 4, 2),
(64, 3, 4, 2),
(65, 40, 1, 1),
(66, 1, 2, 1),
(67, 1, 2, 2),
(68, 34, 1, 2),
(69, 41, 1, 1),
(70, 41, 1, 2),
(71, 41, 1, 3),
(72, 41, 1, 4),
(73, 41, 2, 1),
(74, 41, 2, 2),
(75, 27, 4, 1),
(76, 27, 4, 2),
(77, 42, 4, 1),
(78, 43, 4, 1),
(79, 43, 4, 2),
(80, 44, 1, 1),
(81, 3, 4, 1),
(82, 45, 1, 1);

-- --------------------------------------------------------

--
-- Structure de la table `courses_users`
--

CREATE TABLE IF NOT EXISTS `courses_users` (
  `id` int(11) NOT NULL AUTO_INCREMENT,
  `user_id` int(11) NOT NULL,
  `course_id` int(11) NOT NULL,
  PRIMARY KEY (`id`)
) ENGINE=InnoDB  DEFAULT CHARSET=latin1 AUTO_INCREMENT=247 ;

--
-- Contenu de la table `courses_users`
--

INSERT INTO `courses_users` (`id`, `user_id`, `course_id`) VALUES
(1, 28, 22),
(2, 4, 1),
(3, 4, 8),
(4, 4, 2),
(5, 5, 5),
(6, 6, 23),
(7, 7, 4),
(8, 3, 1),
(9, 10, 12),
(10, 9, 2),
(11, 11, 7),
(12, 12, 3),
(13, 12, 24),
(15, 12, 30),
(16, 12, 25),
(17, 13, 12),
(18, 8, 2),
(19, 14, 12),
(20, 14, 32),
(21, 15, 12),
(22, 16, 10),
(23, 17, 12),
(24, 17, 9),
(25, 18, 9),
(26, 19, 13),
(27, 19, 29),
(28, 2, 6),
(29, 21, 10),
(30, 21, 3),
(31, 21, 26),
(32, 21, 30),
(33, 21, 25),
(35, 22, 2),
(36, 23, 2),
(37, 24, 9),
(38, 25, 11),
(39, 26, 5),
(40, 27, 5),
(41, 11, 26),
(42, 11, 11),
(43, 11, 27),
(44, 11, 33),
(45, 34, 34),
(46, 33, 34),
(47, 31, 34),
(48, 30, 34),
(49, 32, 34),
(50, 29, 34),
(51, 35, 14),
(52, 36, 2),
(53, 36, 36),
(54, 37, 2),
(55, 37, 17),
(56, 37, 16),
(57, 37, 15),
(58, 37, 14),
(61, 38, 36),
(62, 38, 40),
(63, 39, 40),
(64, 39, 41),
(65, 35, 15),
(66, 40, 14),
(67, 40, 15),
(68, 41, 63),
(69, 42, 46),
(70, 42, 45),
(71, 43, 44),
(72, 44, 60),
(73, 44, 44),
(74, 44, 14),
(75, 44, 15),
(76, 44, 16),
(77, 44, 17),
(78, 45, 55),
(79, 45, 18),
(80, 45, 19),
(81, 45, 20),
(82, 45, 21),
(83, 46, 46),
(84, 47, 44),
(85, 48, 55),
(86, 48, 46),
(87, 49, 18),
(88, 49, 19),
(89, 50, 60),
(90, 51, 55),
(91, 51, 18),
(92, 51, 19),
(93, 51, 20),
(94, 51, 21),
(95, 52, 60),
(96, 54, 55),
(97, 54, 53),
(98, 54, 62),
(99, 54, 48),
(100, 54, 52),
(101, 54, 51),
(102, 54, 50),
(103, 54, 58),
(104, 56, 44),
(105, 55, 48),
(106, 55, 58),
(107, 55, 51),
(108, 55, 52),
(109, 55, 50),
(110, 57, 44),
(111, 57, 14),
(112, 57, 15),
(113, 57, 16),
(114, 57, 17),
(115, 58, 48),
(116, 58, 52),
(117, 58, 50),
(118, 58, 51),
(119, 58, 58),
(120, 59, 44),
(121, 59, 54),
(122, 60, 64),
(123, 61, 14),
(124, 62, 48),
(125, 62, 52),
(126, 63, 18),
(127, 63, 19),
(128, 63, 20),
(129, 63, 21),
(130, 48, 18),
(131, 48, 19),
(132, 48, 20),
(133, 48, 21),
(134, 64, 14),
(135, 64, 15),
(136, 64, 16),
(137, 64, 17),
(138, 65, 18),
(139, 65, 19),
(140, 65, 20),
(141, 65, 21),
(142, 3, 34),
(143, 11, 34),
(144, 28, 57),
(145, 34, 65),
(146, 33, 65),
(147, 32, 65),
(148, 30, 65),
(149, 29, 65),
(150, 3, 65),
(151, 35, 65),
(152, 31, 65),
(153, 51, 14),
(154, 51, 15),
(155, 51, 9),
(156, 66, 34),
(157, 66, 65),
(158, 11, 65),
(159, 35, 71),
(160, 36, 72),
(161, 37, 72),
(162, 37, 73),
(163, 51, 73),
(164, 21, 27),
(165, 5, 77),
(166, 6, 77),
(167, 7, 77),
(168, 3, 77),
(169, 20, 77),
(170, 10, 77),
(171, 9, 77),
(172, 11, 77),
(173, 12, 77),
(174, 13, 77),
(175, 51, 77),
(176, 14, 77),
(177, 8, 77),
(178, 15, 77),
(179, 16, 77),
(180, 18, 77),
(181, 19, 77),
(182, 4, 77),
(183, 21, 77),
(184, 2, 77),
(185, 22, 77),
(186, 23, 77),
(187, 24, 77),
(188, 25, 77),
(189, 26, 77),
(190, 27, 77),
(191, 36, 77),
(192, 11, 78),
(193, 78, 73),
(194, 83, 73),
(195, 68, 72),
(196, 69, 72),
(197, 77, 72),
(198, 71, 72),
(199, 84, 72),
(200, 67, 71),
(201, 73, 71),
(202, 70, 71),
(203, 76, 71),
(204, 72, 71),
(205, 74, 71),
(206, 85, 71),
(207, 3, 71),
(208, 3, 72),
(209, 3, 73),
(210, 37, 80),
(211, 68, 80),
(212, 51, 80),
(213, 84, 80),
(214, 73, 80),
(215, 71, 80),
(216, 83, 80),
(217, 35, 80),
(218, 72, 80),
(219, 85, 80),
(220, 77, 80),
(221, 74, 80),
(222, 69, 80),
(223, 67, 80),
(224, 76, 80),
(225, 36, 80),
(226, 86, 71),
(227, 86, 80),
(228, 30, 82),
(229, 20, 82),
(230, 3, 82),
(231, 32, 82),
(232, 87, 82),
(233, 29, 82),
(234, 38, 41),
(235, 88, 35),
(236, 89, 35),
(237, 80, 35),
(238, 81, 36),
(239, 89, 36),
(240, 90, 71),
(241, 37, 77),
(242, 17, 77),
(243, 11, 35),
(244, 11, 36),
(245, 11, 71),
(246, 11, 73);

-- --------------------------------------------------------

--
-- Structure de la table `groups`
--

CREATE TABLE IF NOT EXISTS `groups` (
  `id` int(11) NOT NULL AUTO_INCREMENT,
  `name` varchar(50) NOT NULL,
  PRIMARY KEY (`id`)
) ENGINE=InnoDB  DEFAULT CHARSET=latin1 AUTO_INCREMENT=4 ;

--
-- Contenu de la table `groups`
--

INSERT INTO `groups` (`id`, `name`) VALUES
(1, 'administrator'),
(2, 'teachers'),
(3, 'students');

-- --------------------------------------------------------

--
-- Structure de la table `instruments`
--

CREATE TABLE IF NOT EXISTS `instruments` (
  `id` int(11) NOT NULL AUTO_INCREMENT,
  `name` varchar(255) NOT NULL,
  PRIMARY KEY (`id`)
) ENGINE=InnoDB  DEFAULT CHARSET=latin1 AUTO_INCREMENT=46 ;

--
-- Contenu de la table `instruments`
--

INSERT INTO `instruments` (`id`, `name`) VALUES
(1, 'Saxophone Alto'),
(2, 'Saxophone Tenor'),
(3, 'Saxophone Soprano'),
(4, 'Saxophone Baryton'),
(5, 'Flute Traversiere'),
(6, 'Hautbois'),
(7, 'Cor'),
(8, 'Trombone'),
(9, 'Trompette'),
(10, 'Batterie'),
(11, 'Timbales'),
(13, 'Clarinette Sib'),
(14, 'Clarinette Basse'),
(15, 'Piano'),
(16, 'Guitare Electrique'),
(17, 'Guitare Basse'),
(18, 'Piccolo'),
(19, 'Tuba'),
(20, 'Basse Sib et Mib '),
(21, 'Xylophone'),
(22, 'Accordéon'),
(23, 'Harpe'),
(24, 'Basson'),
(25, 'Clarinette Mib'),
(26, 'Bugle'),
(27, 'Cornet Mib'),
(28, 'Saxophone Basse'),
(29, 'Percussion - Accessoires'),
(32, 'Score HALT'),
(33, 'Score MSM'),
(34, 'A ta portee'),
(38, 'Initiation Musicale'),
(39, 'Eveil Musical'),
(40, 'Documents A ta Portee'),
(41, 'Formation Musicale'),
(42, 'Fa Dièse'),
(43, 'Basse Ut'),
(44, 'Théorie de la musique'),
(45, 'Ecoles Primaires');

-- --------------------------------------------------------

--
-- Structure de la table `posts`
--

CREATE TABLE IF NOT EXISTS `posts` (
  `id` int(11) NOT NULL AUTO_INCREMENT,
  `title` varchar(255) NOT NULL,
  `content` text NOT NULL,
  `created` datetime NOT NULL,
  `modified` datetime NOT NULL,
  `user_id` int(11) NOT NULL,
  PRIMARY KEY (`id`)
) ENGINE=InnoDB  DEFAULT CHARSET=latin1 AUTO_INCREMENT=5 ;

--
-- Contenu de la table `posts`
--

INSERT INTO `posts` (`id`, `title`, `content`, `created`, `modified`, `user_id`) VALUES
(1, 'Bienvenue', 'Bienvenue sur le nouveau site de gestion de partitions numériques pour un accès facile à toutes vos partitions d''orchestres et de cours.\r\n\r\nBonne découverte!', '2014-12-01 13:56:57', '2014-12-01 23:24:16', 3),
(3, 'Suivez l''activité musicale de l''école de musique et de l''harmonie', 'Grâce à un calendrier, vous pouvez suivre les différentes activités musicales de l''école : répétitions, auditions de classe et spectacle. (Code couleur : bleu pour école de musique / rouge pour harmonie)', '2014-12-20 00:19:27', '2014-12-20 00:20:42', 3),
(4, 'Trouver ses partitions, les enregistrer ou imprimer', 'Pour afficher ses partitions, cliquez sur "My scores". Des onglets apparaîtront au-dessus du calendrier situé à droite. Cliquez alors sur les différentes arborescence. Attention : l''affichage des partitions peut prendre un certain temps... Une fois la partition affichée, vous pourrez l''enregistrer ou l''imprimer en vous dirigeant en bas à droite de la partition.', '2015-01-09 11:06:32', '2015-01-09 11:07:46', 3);

-- --------------------------------------------------------

--
-- Structure de la table `scores`
--

CREATE TABLE IF NOT EXISTS `scores` (
  `id` int(11) NOT NULL AUTO_INCREMENT,
  `name` varchar(250) NOT NULL,
  `url` varchar(250) NOT NULL,
  `extension` varchar(10) NOT NULL,
  `created` datetime NOT NULL,
  `modified` datetime NOT NULL,
  `user_id` int(11) NOT NULL,
  `course_id` int(11) NOT NULL,
  `audio_id` int(11) NOT NULL,
  PRIMARY KEY (`id`)
) ENGINE=InnoDB  DEFAULT CHARSET=latin1 AUTO_INCREMENT=754 ;

--
-- Contenu de la table `scores`
--

INSERT INTO `scores` (`id`, `name`, `url`, `extension`, `created`, `modified`, `user_id`, `course_id`, `audio_id`) VALUES
(4, 'Colonel Chopin', 'scores/Score_MSM/4/2/Colonel_Chopin.pdf', 'pdf', '2014-12-01 15:22:19', '2014-12-01 15:22:19', 3, 22, 0),
(7, 'Against All Odds Piccolo', 'scores/Piccolo/4/1/Against_All_Odds_Piccolo.pdf', 'pdf', '2014-12-01 21:06:32', '2014-12-01 21:06:32', 3, 8, 0),
(18, 'Against all odds Clar1', 'scores/Clarinette_Sib/4/1/Against_all_odds_Clar1.pdf', 'pdf', '2014-12-01 21:14:24', '2014-12-01 21:14:24', 3, 5, 0),
(19, 'Against all odds Clar 2 et 3', 'scores/Clarinette_Sib/4/1/Against_all_odds_Clar_2_et_3.pdf', 'pdf', '2014-12-01 21:14:59', '2014-12-01 21:14:59', 3, 5, 0),
(20, 'Alpini Italiani Clar 1', 'scores/Clarinette_Sib/4/1/Alpini_Italiani_Clar_1.pdf', 'pdf', '2014-12-01 21:15:45', '2014-12-01 21:15:45', 3, 5, 0),
(21, 'Alpini Italiani Clar 2', 'scores/Clarinette_Sib/4/1/Alpini_Italiani_Clar_2.pdf', 'pdf', '2014-12-01 21:16:18', '2014-12-01 21:16:18', 3, 5, 0),
(22, 'Dance into the light Clarinette', 'scores/Clarinette_Sib/4/1/Dance_into_the_light_Clarinette.pdf', 'pdf', '2014-12-01 21:17:40', '2014-12-01 21:17:40', 3, 5, 0),
(23, 'La strada Clar1', 'scores/Clarinette_Sib/4/1/La_strada_Clar1.pdf', 'pdf', '2014-12-01 21:18:22', '2014-12-01 21:18:22', 3, 5, 0),
(24, 'La strada Clar2', 'scores/Clarinette_Sib/4/1/La_strada_Clar2.pdf', 'pdf', '2014-12-01 21:18:53', '2014-12-01 21:18:53', 3, 5, 0),
(25, 'La dama del vento Clar1', 'scores/Clarinette_Sib/4/1/La_dama_del_vento_Clar1.pdf', 'pdf', '2014-12-01 21:19:49', '2014-12-01 21:19:49', 3, 5, 0),
(26, 'La dama del vento Clar 2 et 3', 'scores/Clarinette_Sib/4/1/La_dama_del_vento_Clar_2_et_3.pdf', 'pdf', '2014-12-01 21:20:33', '2014-12-01 21:20:33', 3, 5, 0),
(27, 'La fotographia Clar1', 'scores/Clarinette_Sib/4/1/La_fotographia_Clar1.pdf', 'pdf', '2014-12-01 21:21:21', '2014-12-01 21:21:21', 3, 5, 0),
(28, 'La fotographia Clar2', 'scores/Clarinette_Sib/4/1/La_fotographia_Clar2.pdf', 'pdf', '2014-12-01 21:22:13', '2014-12-01 21:22:13', 3, 5, 0),
(29, 'La vita e bella Clar1', 'scores/Clarinette_Sib/4/1/La_vita_e_bella_Clar1.pdf', 'pdf', '2014-12-01 21:23:21', '2014-12-01 21:23:21', 3, 5, 0),
(30, 'La vita e bella Clar2', 'scores/Clarinette_Sib/4/1/La_vita_e_bella_Clar2.pdf', 'pdf', '2014-12-01 21:24:34', '2014-12-01 21:24:34', 3, 5, 0),
(31, 'Sogno di primavera Clar1', 'scores/Clarinette_Sib/4/1/Sogno_di_primavera_Clar1.pdf', 'pdf', '2014-12-01 21:26:35', '2014-12-01 21:26:35', 3, 5, 0),
(32, 'Sogno di primavera Clar2', 'scores/Clarinette_Sib/4/1/Sogno_di_primavera_Clar2.pdf', 'pdf', '2014-12-01 21:28:10', '2014-12-01 21:28:10', 3, 5, 0),
(33, 'Sogno di primavera Flute', 'scores/Flute_Traversiere/4/1/Sogno_di_primavera_Flute.pdf', 'pdf', '2014-12-01 22:00:29', '2014-12-01 22:00:29', 3, 2, 0),
(34, 'Against All Odds Flute', 'scores/Flute_Traversiere/4/1/Against_All_Odds_Flute.pdf', 'pdf', '2014-12-01 22:02:51', '2014-12-01 22:02:51', 3, 2, 0),
(35, 'Alpini Italiani Flute 1', 'scores/Flute_Traversiere/4/1/Alpini_Italiani_Flute_1.pdf', 'pdf', '2014-12-01 22:04:23', '2014-12-01 22:04:23', 3, 2, 0),
(36, 'Alpini Italiani Flute 2', 'scores/Flute_Traversiere/4/1/Alpini_Italiani_Flute_2.pdf', 'pdf', '2014-12-01 22:05:00', '2014-12-01 22:05:00', 3, 2, 0),
(37, 'Dance into the light Flute', 'scores/Flute_Traversiere/4/1/Dance_into_the_light_Flute.pdf', 'pdf', '2014-12-01 22:06:04', '2014-12-01 22:06:04', 3, 2, 0),
(38, 'La strada Flute', 'scores/Flute_Traversiere/4/1/La_strada_Flute.pdf', 'pdf', '2014-12-01 22:06:47', '2014-12-01 22:06:47', 3, 2, 0),
(39, 'La fotografia Flute 1', 'scores/Flute_Traversiere/4/1/La_fotografia_Flute_1.pdf', 'pdf', '2014-12-01 22:07:23', '2014-12-01 22:07:23', 3, 2, 0),
(40, 'La fotografia Flute 2', 'scores/Flute_Traversiere/4/1/La_fotografia_Flute_2.pdf', 'pdf', '2014-12-01 22:07:56', '2014-12-01 22:07:56', 3, 2, 0),
(41, 'La vita e bella Flute', 'scores/Flute_Traversiere/4/1/La_vita_e_bella_Flute.pdf', 'pdf', '2014-12-01 22:08:40', '2014-12-01 22:08:40', 3, 2, 0),
(42, 'Against all odds Sax Alto', 'scores/Saxophone_Alto/4/1/Against_all_odds_Sax_Alto.pdf', 'pdf', '2014-12-01 22:13:16', '2014-12-01 22:13:16', 3, 9, 0),
(43, 'Alpini Italiani Sax Alto 1', 'scores/Saxophone_Alto/4/1/Alpini_Italiani_Sax_Alto_1.pdf', 'pdf', '2014-12-01 22:14:23', '2014-12-01 22:14:23', 3, 9, 0),
(44, 'Alpini Italiani Sax Alto 2', 'scores/Saxophone_Alto/4/1/Alpini_Italiani_Sax_Alto_2.pdf', 'pdf', '2014-12-01 22:15:08', '2014-12-01 22:15:08', 3, 9, 0),
(45, 'Dance into the light Sax Alto', 'scores/Saxophone_Alto/4/1/Dance_into_the_light_Sax_Alto.pdf', 'pdf', '2014-12-01 22:16:26', '2014-12-01 22:16:26', 3, 9, 0),
(46, 'La strada Sax Alto', 'scores/Saxophone_Alto/4/1/La_strada_Sax_Alto.pdf', 'pdf', '2014-12-01 22:17:14', '2014-12-01 22:17:14', 3, 9, 0),
(47, 'La dama del vento Sax Alto', 'scores/Saxophone_Alto/4/1/La_dama_del_vento_Sax_Alto.pdf', 'pdf', '2014-12-01 22:18:09', '2014-12-01 22:18:09', 3, 9, 0),
(48, 'La fotografia Sax Alto 1', 'scores/Saxophone_Alto/4/1/La_fotografia_Sax_Alto_1.pdf', 'pdf', '2014-12-01 22:19:04', '2014-12-01 22:19:04', 3, 9, 0),
(49, 'La fotografia Sax Alto 2', 'scores/Saxophone_Alto/4/1/La_fotografia_Sax_Alto_2.pdf', 'pdf', '2014-12-01 22:19:45', '2014-12-01 22:19:45', 3, 9, 0),
(50, 'La vita e bella Sax Alto', 'scores/Saxophone_Alto/4/1/La_vita_e_bella_Sax_Alto.pdf', 'pdf', '2014-12-01 22:20:33', '2014-12-01 22:20:33', 3, 9, 0),
(51, 'Sogno di primavera Sax Alto', 'scores/Saxophone_Alto/4/1/Sogno_di_primavera_Sax_Alto.pdf', 'pdf', '2014-12-01 22:22:01', '2014-12-01 22:22:01', 3, 9, 0),
(60, 'Against all odds Sax bar', 'scores/Saxophone_Baryton/4/1/Against_all_odds_Sax_bar.pdf', 'pdf', '2014-12-01 22:45:26', '2014-12-01 22:45:26', 3, 23, 0),
(61, 'Against All Odds Sax Ténor', 'scores/Saxophone_Tenor/4/1/Against_All_Odds_Sax_Tenor.pdf', 'pdf', '2014-12-02 00:16:30', '2014-12-02 00:16:30', 3, 10, 0),
(62, 'Alpini Italiani Sax Ténor', 'scores/Saxophone_Tenor/4/1/Alpini_Italiani_Sax_Tenor.pdf', 'pdf', '2014-12-02 00:17:18', '2014-12-02 00:17:18', 3, 10, 0),
(63, 'Dance into the light Sax Ténor', 'scores/Saxophone_Tenor/4/1/Dance_into_the_light_Sax_Tenor.pdf', 'pdf', '2014-12-02 00:18:21', '2014-12-02 00:18:21', 3, 10, 0),
(64, 'La strada Sax Ténor', 'scores/Saxophone_Tenor/4/1/La_strada_Sax_Tenor.pdf', 'pdf', '2014-12-02 00:19:16', '2014-12-02 00:19:16', 3, 10, 0),
(65, 'La dama del vento Sax Ténor', 'scores/Saxophone_Tenor/4/1/La_dama_del_vento_Sax_Tenor.pdf', 'pdf', '2014-12-02 00:20:09', '2014-12-02 00:20:09', 3, 10, 0),
(66, 'La vita e bella Sax Ténor', 'scores/Saxophone_Tenor/4/1/La_vita_e_bella_Sax_Tenor.pdf', 'pdf', '2014-12-02 00:23:24', '2014-12-02 00:23:24', 3, 10, 0),
(67, 'Sogno di primavera Sax Ténor', 'scores/Saxophone_Tenor/4/1/Sogno_di_primavera_Sax_Tenor.pdf', 'pdf', '2014-12-02 00:24:19', '2014-12-02 00:24:19', 3, 10, 0),
(68, 'La fotografia Sax Ténor', 'scores/Saxophone_Tenor/4/1/La_fotografia_Sax_Tenor.pdf', 'pdf', '2014-12-02 00:25:15', '2014-12-02 00:25:15', 3, 10, 0),
(69, 'Against all odds Piano', 'scores/Piano/4/1/Against_all_odds_Piano.pdf', 'pdf', '2014-12-02 00:26:29', '2014-12-02 00:26:29', 3, 7, 0),
(70, 'Dance into the light Piano', 'scores/Piano/4/1/Dance_into_the_light_Piano.pdf', 'pdf', '2014-12-02 00:29:51', '2014-12-02 00:29:51', 3, 7, 0),
(71, 'Against All Odds Tr1', 'scores/Trompette/4/1/Against_All_Odds_Tr1.pdf', 'pdf', '2014-12-02 00:35:29', '2014-12-02 00:35:29', 3, 12, 0),
(72, 'Against All Odds Tr2', 'scores/Trompette/4/1/Against_All_Odds_Tr2.pdf', 'pdf', '2014-12-02 00:36:03', '2014-12-02 00:36:03', 3, 12, 0),
(73, 'Alpini Italiani Trompette', 'scores/Trompette/4/1/Alpini_Italiani_Trompette.pdf', 'pdf', '2014-12-02 00:36:51', '2014-12-02 00:36:51', 3, 12, 0),
(74, 'Dance into the light Trompette', 'scores/Trompette/4/1/Dance_into_the_light_Trompette.pdf', 'pdf', '2014-12-02 00:38:09', '2014-12-02 00:38:09', 3, 12, 0),
(75, 'La strada Tr1', 'scores/Trompette/4/1/La_strada_Tr1.pdf', 'pdf', '2014-12-02 00:38:53', '2014-12-02 00:38:53', 3, 12, 0),
(76, 'La strada Tr2', 'scores/Trompette/4/1/La_strada_Tr2.pdf', 'pdf', '2014-12-02 00:39:23', '2014-12-02 00:39:23', 3, 12, 0),
(77, 'La dama del vento Tr1', 'scores/Trompette/4/1/La_dama_del_vento_Tr1.pdf', 'pdf', '2014-12-02 00:40:07', '2014-12-02 00:40:07', 3, 12, 0),
(78, 'La dama del vento Tr2', 'scores/Trompette/4/1/La_dama_del_vento_Tr2.pdf', 'pdf', '2014-12-02 00:40:47', '2014-12-02 00:40:47', 3, 12, 0),
(79, 'La fotografia Trompette', 'scores/Trompette/4/1/La_fotografia_Trompette.pdf', 'pdf', '2014-12-02 00:41:35', '2014-12-02 00:41:35', 3, 12, 0),
(80, 'La vita e bella Trompette', 'scores/Trompette/4/1/La_vita_e_bella_Trompette.pdf', 'pdf', '2014-12-02 00:42:24', '2014-12-02 00:42:24', 3, 12, 0),
(81, 'Sogno di primavera Tr1', 'scores/Trompette/4/1/Sogno_di_primavera_Tr1.pdf', 'pdf', '2014-12-02 00:43:21', '2014-12-02 00:43:21', 3, 12, 0),
(82, 'Sogno di primavera Tr2', 'scores/Trompette/4/1/Sogno_di_primavera_Tr2.pdf', 'pdf', '2014-12-02 00:44:09', '2014-12-02 00:44:09', 3, 12, 0),
(83, 'Projet Walt Disney 2015', 'scores/A_ta_portee/1/1/Projet_Walt_Disney_2015.pdf', 'pdf', '2014-12-02 01:24:53', '2014-12-02 01:24:53', 3, 34, 0),
(84, 'Battre la mesure', 'scores/FM_3eme_annee/1/3/Battre_la_mesure.pdf', 'pdf', '2014-12-02 01:51:46', '2014-12-02 01:51:46', 3, 37, 0),
(85, 'Music from toy story SP', 'scores/Score_HALT/4/1/Music_from_toy_story_SP.pdf', 'pdf', '2014-12-02 01:57:11', '2014-12-02 01:57:11', 3, 1, 0),
(86, 'Music from cars SP', 'scores/Score_HALT/4/1/Music_from_cars_SP.pdf', 'pdf', '2014-12-02 01:59:08', '2014-12-02 01:59:08', 3, 1, 0),
(87, 'Alice Theme SP', 'scores/Score_HALT/4/1/Alice_Theme_SP.pdf', 'pdf', '2014-12-02 02:01:59', '2014-12-02 02:01:59', 3, 1, 0),
(88, 'The chronicles of narnia SP', 'scores/Score_HALT/4/1/The_chronicles_of_narnia_SP.pdf', 'pdf', '2014-12-02 02:03:14', '2014-12-02 02:03:14', 3, 1, 0),
(89, 'Motif Rythmique 1er cycle', 'scores/FM_3eme_annee/1/3/Motif_Rythmique_1er_cycle.pdf', 'pdf', '2014-12-02 02:10:37', '2014-12-02 02:10:37', 3, 37, 0),
(90, 'Motif Rythmique 1er cycle', 'scores/FM_4eme_annee/1/4/Motif_Rythmique_1er_cycle.pdf', 'pdf', '2014-12-02 02:11:08', '2014-12-02 02:11:08', 3, 38, 0),
(91, 'Motif rythmique', 'scores/FM_5eme_annee/2/1/Motif_rythmique.pdf', 'pdf', '2014-12-02 02:11:37', '2014-12-02 02:11:37', 3, 39, 0),
(92, 'Femme je vous aime', 'scores/Score_MSM/4/2/Femme_je_vous_aime.pdf', 'pdf', '2014-12-02 02:15:57', '2014-12-02 02:15:57', 3, 22, 0),
(93, 'Le chant des marais', 'scores/Score_MSM/4/2/Le_chant_des_marais.pdf', 'pdf', '2014-12-02 02:16:38', '2014-12-02 02:16:38', 3, 22, 0),
(94, 'Si les vents tournaient', 'scores/Score_MSM/4/2/Si_les_vents_tournaient.pdf', 'pdf', '2014-12-02 02:17:31', '2014-12-02 02:17:31', 3, 22, 0),
(96, 'Soirée irlandaise - Be thou my vision', 'scores/A_ta_portee/1/1/Soiree_irlandaise_-_Be_thou_my_vision.pdf', 'pdf', '2014-12-02 02:31:07', '2014-12-02 02:31:07', 3, 34, 0),
(97, 'Soirée irlandaise - Elegy for a soldier', 'scores/A_ta_portee/1/1/Soiree_irlandaise_-_Elegy_for_a_soldier.pdf', 'pdf', '2014-12-02 02:31:44', '2014-12-02 02:31:44', 3, 34, 0),
(98, 'Soirée irlandaise - Irish Song', 'scores/A_ta_portee/1/1/Soiree_irlandaise_-_Irish_Song.pdf', 'pdf', '2014-12-02 02:32:14', '2014-12-02 02:32:14', 3, 34, 0),
(99, 'Soirée irlandaise - Irish Theme violon', 'scores/A_ta_portee/1/1/Soiree_irlandaise_-_Irish_Theme_violon.pdf', 'pdf', '2014-12-02 02:32:48', '2014-12-02 02:32:48', 3, 34, 0),
(100, 'Soirée irlandaise - Lango Lee', 'scores/A_ta_portee/1/1/Soiree_irlandaise_-_Lango_Lee.pdf', 'pdf', '2014-12-02 02:33:17', '2014-12-02 02:33:17', 3, 34, 0),
(101, 'Soirée irlandaise - Londonderry Air', 'scores/A_ta_portee/1/1/Soiree_irlandaise_-_Londonderry_Air.pdf', 'pdf', '2014-12-02 02:33:48', '2014-12-02 02:33:48', 3, 34, 0),
(102, 'Soirée irlandaise - Sergeant Early Dream', 'scores/A_ta_portee/1/1/Soiree_irlandaise_-_Sergeant_Early_Dream.pdf', 'pdf', '2014-12-02 02:34:16', '2014-12-02 02:34:16', 3, 34, 0),
(103, 'Soirée irlandaise - The Castle of dromore', 'scores/A_ta_portee/1/1/Soiree_irlandaise_-_The_Castle_of_dromore.pdf', 'pdf', '2014-12-02 02:34:52', '2014-12-02 02:34:52', 3, 34, 0),
(104, 'Soirée irlandaise - The King of faeries violon', 'scores/A_ta_portee/1/1/Soiree_irlandaise_-_The_King_of_faeries_violon.pdf', 'pdf', '2014-12-02 02:35:27', '2014-12-02 02:35:27', 3, 34, 0),
(105, 'Soirée irlandaise - The King of faeries harp et flute', 'scores/A_ta_portee/1/1/Soiree_irlandaise_-_The_King_of_faeries_harp_et_flute.pdf', 'pdf', '2014-12-02 02:36:09', '2014-12-02 02:36:09', 3, 34, 0),
(106, 'Soirée irlandaise - The Musical Priest', 'scores/A_ta_portee/1/1/Soiree_irlandaise_-_The_Musical_Priest.pdf', 'pdf', '2014-12-02 02:36:41', '2014-12-02 02:36:41', 3, 34, 0),
(107, 'Soirée irlandaise - The Star of the county down', 'scores/A_ta_portee/1/1/Soiree_irlandaise_-_The_Star_of_the_county_down.pdf', 'pdf', '2014-12-02 02:37:51', '2014-12-02 02:37:51', 3, 34, 0),
(108, 'Alpini Italiani Sax Bar', 'scores/Saxophone_Baryton/4/1/Alpini_Italiani_Sax_Bar.pdf', 'pdf', '2014-12-02 16:55:34', '2014-12-02 16:55:34', 3, 23, 0),
(109, 'La strada Sax Bar', 'scores/Saxophone_Baryton/4/1/La_strada_Sax_Bar.pdf', 'pdf', '2014-12-02 16:56:18', '2014-12-02 16:56:18', 3, 23, 0),
(110, 'La dama del vento Sax Bar', 'scores/Saxophone_Baryton/4/1/La_dama_del_vento_Sax_Bar.pdf', 'pdf', '2014-12-02 16:57:10', '2014-12-02 16:57:10', 3, 23, 0),
(111, 'La fotografia Sax Bar', 'scores/Saxophone_Baryton/4/1/La_fotografia_Sax_Bar.pdf', 'pdf', '2014-12-02 16:58:37', '2014-12-02 16:58:37', 3, 23, 0),
(112, 'La vita e bella Sax Bar', 'scores/Saxophone_Baryton/4/1/La_vita_e_bella_Sax_Bar.pdf', 'pdf', '2014-12-02 16:59:36', '2014-12-02 16:59:36', 3, 23, 0),
(116, 'Against all odds Batterie', 'scores/Batterie/4/1/Against_all_odds_Batterie.pdf', 'pdf', '2014-12-03 10:12:57', '2014-12-03 10:12:57', 3, 3, 0),
(117, 'Dance into the light Batterie', 'scores/Batterie/4/1/Dance_into_the_light_Batterie.pdf', 'pdf', '2014-12-03 10:15:17', '2014-12-03 10:15:17', 3, 3, 0),
(118, 'La strada Batterie', 'scores/Batterie/4/1/La_strada_Batterie.pdf', 'pdf', '2014-12-03 10:16:02', '2014-12-03 10:16:02', 3, 3, 0),
(119, 'La vita e bella Batterie', 'scores/Batterie/4/1/La_vita_e_bella_Batterie.pdf', 'pdf', '2014-12-03 10:17:47', '2014-12-03 10:17:47', 3, 3, 0),
(120, 'Sogno di primavera Batterie', 'scores/Batterie/4/1/Sogno_di_primavera_Batterie.pdf', 'pdf', '2014-12-03 10:19:34', '2014-12-03 10:19:34', 3, 3, 0),
(121, 'La strada SP', 'scores/Score_HALT/4/1/La_strada_SP.pdf', 'pdf', '2014-12-03 10:31:48', '2014-12-03 10:31:48', 3, 1, 0),
(122, 'Friendship Hymn', 'scores/Score_MSM/4/2/Friendship_Hymn.pdf', 'pdf', '2014-12-03 20:34:25', '2014-12-03 20:34:25', 3, 22, 0),
(123, '20th Century Fox - score', 'scores/Score_HALT/4/1/20th_Century_Fox_-_score.pdf', 'pdf', '2014-12-03 21:03:54', '2014-12-03 21:03:54', 3, 1, 0),
(124, '20th Century Fox - parts', 'scores/Score_HALT/4/1/20th_Century_Fox_-_parts.pdf', 'pdf', '2014-12-03 21:04:37', '2014-12-03 21:04:37', 3, 1, 0),
(125, 'Tablature saxophone', 'scores/Saxophone_Alto/1/1/Tablature_saxophone.pdf', 'pdf', '2014-12-08 15:39:48', '2014-12-08 15:39:48', 3, 18, 0),
(127, 'Ecouter, lire et jouer VOL1', 'scores/Flute_Traversiere/1/1/Ecouter,_lire_et_jouer_VOL1.pdf', 'pdf', '2014-12-08 15:52:32', '2014-12-08 15:52:32', 3, 14, 0),
(128, 'Tablature flûte', 'scores/Flute_Traversiere/1/1/Tablature_flute.pdf', 'pdf', '2014-12-08 15:53:18', '2014-12-08 15:53:18', 3, 14, 0),
(129, 'Walt Disney 1 L''air du vent', 'scores/A_ta_portee/1/1/Walt_Disney_1_L''air_du_vent.pdf', 'pdf', '2014-12-08 15:57:39', '2014-12-08 15:57:39', 3, 34, 0),
(130, 'Walt Disney - 2 Ce reve bleu', 'scores/A_ta_portee/1/1/Walt_Disney_-_2_Ce_reve_bleu.pdf', 'pdf', '2014-12-08 15:59:10', '2014-12-08 15:59:10', 3, 34, 0),
(131, 'Walt Disney - 1 L''air du vent', 'scores/A_ta_portee/1/1/Walt_Disney_-_1_L''air_du_vent.pdf', 'pdf', '2014-12-08 16:00:05', '2014-12-08 16:00:05', 3, 34, 0),
(132, 'Walt Disney - 3 Il en faut peu pour etre heureux', 'scores/A_ta_portee/1/1/Walt_Disney_-_3_Il_en_faut_peu_pour_etre_heureux.pdf', 'pdf', '2014-12-08 16:01:06', '2014-12-08 16:01:06', 3, 34, 0),
(133, 'Walt Disney - 4 Histoire Eternelle', 'scores/A_ta_portee/1/1/Walt_Disney_-_4_Histoire_Eternelle.pdf', 'pdf', '2014-12-08 16:02:54', '2014-12-08 16:02:54', 3, 34, 0),
(134, 'Walt Disney - 5 Zip a dee doo dah', 'scores/A_ta_portee/1/1/Walt_Disney_-_5_Zip_a_dee_doo_dah.pdf', 'pdf', '2014-12-08 16:03:57', '2014-12-08 16:03:57', 3, 34, 0),
(135, 'Walt Disney - 6 L''univers de Jean Christophe', 'scores/A_ta_portee/1/1/Walt_Disney_-_6_L''univers_de_Jean_Christophe.pdf', 'pdf', '2014-12-08 16:04:44', '2014-12-08 16:04:44', 3, 34, 0),
(136, 'Walt Disney - 7 Tendre Reve', 'scores/A_ta_portee/1/1/Walt_Disney_-_7_Tendre_Reve.pdf', 'pdf', '2014-12-08 16:05:57', '2014-12-08 16:05:57', 3, 34, 0),
(137, 'Walt Disney - 8 Je suis ton ami', 'scores/A_ta_portee/1/1/Walt_Disney_-_8_Je_suis_ton_ami.pdf', 'pdf', '2014-12-08 16:06:58', '2014-12-08 16:06:58', 3, 34, 0),
(138, 'Walt Disney - 9 I''m late', 'scores/A_ta_portee/1/1/Walt_Disney_-_9_I''m_late.pdf', 'pdf', '2014-12-08 16:08:04', '2014-12-08 16:08:04', 3, 34, 0),
(139, 'Walt Disney - 10 Gammes et arpèges', 'scores/A_ta_portee/1/1/Walt_Disney_-_10_Gammes_et_arpeges.pdf', 'pdf', '2014-12-08 16:09:04', '2014-12-08 16:09:04', 3, 34, 0),
(140, 'Walt Disney - 11 Can you feel the love tonight', 'scores/A_ta_portee/1/1/Walt_Disney_-_11_Can_you_feel_the_love_tonight.pdf', 'pdf', '2014-12-08 16:10:07', '2014-12-08 16:10:07', 3, 34, 0),
(141, 'Tablature Clarinette', 'scores/Clarinette_Sib/1/1/Tablature_Clarinette.pdf', 'pdf', '2014-12-08 20:01:49', '2014-12-08 20:01:49', 3, 40, 0),
(142, 'Joyeux Anniversaire', 'scores/Flute_Traversiere/1/1/Joyeux_Anniversaire.pdf', 'pdf', '2014-12-08 20:03:45', '2014-12-08 20:03:45', 3, 14, 0),
(143, 'Prélude et Danse - Pascal PROUST', 'scores/Flute_Traversiere/1/4/Prelude_et_Danse_-_Pascal_PROUST.pdf', 'pdf', '2014-12-08 20:06:35', '2014-12-08 20:06:35', 3, 17, 0),
(144, 'Projet Walt Disney 2015 - structure des morceaux', 'scores/A_ta_portee/1/1/Projet_Walt_Disney_2015_-_structure_des_morceaux.pdf', 'pdf', '2014-12-09 14:01:14', '2014-12-09 14:01:14', 3, 34, 0),
(148, 'Soirée irlandaise - ballade irlandaise', 'scores/A_ta_portee/1/1/Soiree_irlandaise_-_ballade_irlandaise.pdf', 'pdf', '2014-12-11 09:43:06', '2014-12-11 09:43:06', 3, 34, 0),
(149, 'CR réunion 09dec2014', 'scores/A_ta_portee/1/1/CR_reunion_09dec2014.pdf', 'pdf', '2014-12-11 19:50:05', '2014-12-11 19:50:05', 3, 34, 0),
(155, 'Disney Songs - La belle et la bete', 'scores/Flute_Traversiere/1/2/Disney_Songs_-_La_belle_et_la_bete.pdf', 'pdf', '2014-12-13 17:53:44', '2014-12-13 17:53:44', 3, 15, 0),
(156, 'Disney Songs  - Stop look and listen', 'scores/Flute_Traversiere/1/2/Disney_Songs__-_Stop_look_and_listen.pdf', 'pdf', '2014-12-13 17:55:12', '2014-12-13 17:55:12', 3, 15, 0),
(157, 'Disney Songs - My own home', 'scores/Flute_Traversiere/1/2/Disney_Songs_-_My_own_home.pdf', 'pdf', '2014-12-13 18:33:04', '2014-12-13 18:33:04', 3, 15, 0),
(158, 'Disney Songs - The bare necessities', 'scores/Flute_Traversiere/1/2/Disney_Songs_-_The_bare_necessities.pdf', 'pdf', '2014-12-13 18:35:02', '2014-12-13 18:35:02', 3, 15, 0),
(159, 'Disney Songs - it''s a small world', 'scores/Flute_Traversiere/1/2/Disney_Songs_-_it''s_a_small_world.pdf', 'pdf', '2014-12-13 18:35:57', '2014-12-13 18:35:57', 3, 15, 0),
(160, 'Disney Songs - Ducktales theme', 'scores/Flute_Traversiere/1/2/Disney_Songs_-_Ducktales_theme.pdf', 'pdf', '2014-12-13 18:37:02', '2014-12-13 18:37:02', 3, 15, 0),
(161, 'Disney Songs - A whole new world', 'scores/Flute_Traversiere/1/2/Disney_Songs_-_A_whole_new_world.pdf', 'pdf', '2014-12-13 18:38:40', '2014-12-13 18:38:40', 3, 15, 0),
(162, 'Disney Songs - colors of the wind', 'scores/Flute_Traversiere/1/2/Disney_Songs_-_colors_of_the_wind.pdf', 'pdf', '2014-12-13 18:39:35', '2014-12-13 18:39:35', 3, 15, 0),
(163, 'Disney Songs - Scales and arpeggios', 'scores/Flute_Traversiere/1/2/Disney_Songs_-_Scales_and_arpeggios.pdf', 'pdf', '2014-12-13 18:40:49', '2014-12-13 18:40:49', 3, 15, 0),
(164, 'Disney Songs - cruella de vil', 'scores/Flute_Traversiere/1/2/Disney_Songs_-_cruella_de_vil.pdf', 'pdf', '2014-12-13 18:41:43', '2014-12-13 18:41:43', 3, 15, 0),
(165, 'Disney Songs - Can you feel the love tonight', 'scores/Flute_Traversiere/1/2/Disney_Songs_-_Can_you_feel_the_love_tonight.pdf', 'pdf', '2014-12-13 18:42:29', '2014-12-13 18:42:29', 3, 15, 0),
(166, 'Disney Songs - you ll be in my heart', 'scores/Flute_Traversiere/1/2/Disney_Songs_-_you_ll_be_in_my_heart.pdf', 'pdf', '2014-12-13 18:43:27', '2014-12-13 18:43:27', 3, 15, 0),
(167, 'Dessin - Accordéon', 'scores/Eveil_Musical/1/1/Dessin_-_Accordeon.pdf', 'pdf', '2014-12-14 00:11:28', '2014-12-14 00:11:28', 3, 35, 0),
(168, 'Dessin - Basson', 'scores/Eveil_Musical/1/1/Dessin_-_Basson.pdf', 'pdf', '2014-12-14 00:11:53', '2014-12-14 00:11:53', 3, 35, 0),
(169, 'Dessin - Batterie', 'scores/Eveil_Musical/1/1/Dessin_-_Batterie.pdf', 'pdf', '2014-12-14 00:12:17', '2014-12-14 00:12:17', 3, 35, 0),
(170, 'Dessin - Clarinette', 'scores/Eveil_Musical/1/1/Dessin_-_Clarinette.pdf', 'pdf', '2014-12-14 00:13:01', '2014-12-14 00:13:01', 3, 35, 0),
(171, 'Dessin - Congas', 'scores/Eveil_Musical/1/1/Dessin_-_Congas.pdf', 'pdf', '2014-12-14 00:13:26', '2014-12-14 00:13:26', 3, 35, 0),
(172, 'Dessin - Cor', 'scores/Eveil_Musical/1/1/Dessin_-_Cor.pdf', 'pdf', '2014-12-14 00:13:48', '2014-12-14 00:13:48', 3, 35, 0),
(173, 'Dessin - Djembé', 'scores/Eveil_Musical/1/1/Dessin_-_Djembe.pdf', 'pdf', '2014-12-14 00:14:14', '2014-12-14 00:14:14', 3, 35, 0),
(174, 'Dessin - Flute de pan', 'scores/Eveil_Musical/1/1/Dessin_-_Flute_de_pan.pdf', 'pdf', '2014-12-14 00:14:36', '2014-12-14 00:14:36', 3, 35, 0),
(175, 'Dessin - guitare classique', 'scores/Eveil_Musical/1/1/Dessin_-_guitare_classique.pdf', 'pdf', '2014-12-14 10:57:42', '2014-12-14 10:57:42', 3, 35, 0),
(176, 'Dessin - Flute traversière', 'scores/Eveil_Musical/1/1/Dessin_-_Flute_traversiere.pdf', 'pdf', '2014-12-14 10:58:17', '2014-12-14 10:58:17', 3, 35, 0),
(177, 'Dessin - Maracas', 'scores/Eveil_Musical/1/1/Dessin_-_Maracas.pdf', 'pdf', '2014-12-14 10:58:52', '2014-12-14 10:58:52', 3, 35, 0),
(178, 'Dessin - Piano à queue', 'scores/Eveil_Musical/1/1/Dessin_-_Piano_a_queue.pdf', 'pdf', '2014-12-14 10:59:16', '2014-12-14 10:59:16', 3, 35, 0),
(179, 'Dessin - Saxophone', 'scores/Eveil_Musical/1/1/Dessin_-_Saxophone.pdf', 'pdf', '2014-12-14 10:59:36', '2014-12-14 10:59:36', 3, 35, 0),
(180, 'Dessin - Tambour', 'scores/Eveil_Musical/1/1/Dessin_-_Tambour.pdf', 'pdf', '2014-12-14 11:00:07', '2014-12-14 11:00:07', 3, 35, 0),
(181, 'Dessin - Tambourin', 'scores/Eveil_Musical/1/1/Dessin_-_Tambourin.pdf', 'pdf', '2014-12-14 11:00:36', '2014-12-14 11:00:36', 3, 35, 0),
(182, 'Dessin - Trombone', 'scores/Eveil_Musical/1/1/Dessin_-_Trombone.pdf', 'pdf', '2014-12-14 11:01:09', '2014-12-14 11:01:09', 3, 35, 0),
(183, 'Dessin - Trompette', 'scores/Eveil_Musical/1/1/Dessin_-_Trompette.pdf', 'pdf', '2014-12-14 11:01:30', '2014-12-14 11:01:30', 3, 35, 0),
(184, 'Dessin - Tuba', 'scores/Eveil_Musical/1/1/Dessin_-_Tuba.pdf', 'pdf', '2014-12-14 11:01:53', '2014-12-14 11:01:53', 3, 35, 0),
(185, 'Dessin - Violon', 'scores/Eveil_Musical/1/1/Dessin_-_Violon.pdf', 'pdf', '2014-12-14 11:02:15', '2014-12-14 11:02:15', 3, 35, 0),
(186, 'Dessin - Violoncelle', 'scores/Eveil_Musical/1/1/Dessin_-_Violoncelle.pdf', 'pdf', '2014-12-14 11:02:35', '2014-12-14 11:02:35', 3, 35, 0),
(187, 'Dessin - Xylophone', 'scores/Eveil_Musical/1/1/Dessin_-_Xylophone.pdf', 'pdf', '2014-12-14 11:02:57', '2014-12-14 11:02:57', 3, 35, 0),
(188, 'Andante', 'scores/Saxophone_Baryton/4/2/Andante.pdf', 'pdf', '2014-12-14 18:53:50', '2014-12-14 18:53:50', 3, 57, 0),
(189, 'Belle', 'scores/Saxophone_Baryton/4/2/Belle.pdf', 'pdf', '2014-12-14 18:54:35', '2014-12-14 18:54:35', 3, 57, 0),
(190, 'Champs Elysées', 'scores/Saxophone_Baryton/4/2/Champs_Elysees.pdf', 'pdf', '2014-12-14 18:56:33', '2014-12-14 18:56:33', 3, 57, 0),
(191, 'Don''t know why', 'scores/Saxophone_Baryton/4/2/Don''t_know_why.pdf', 'pdf', '2014-12-14 18:57:23', '2014-12-14 18:57:23', 3, 57, 0),
(192, 'Femme je vous aime', 'scores/Saxophone_Baryton/4/2/Femme_je_vous_aime.pdf', 'pdf', '2014-12-14 18:58:53', '2014-12-14 18:58:53', 3, 57, 0),
(193, 'Highland Cathedral', 'scores/Saxophone_Baryton/4/2/Highland_Cathedral.pdf', 'pdf', '2014-12-14 19:00:03', '2014-12-14 19:00:03', 3, 57, 0),
(194, 'Hymne a&#768; l''amour', 'scores/Saxophone_Baryton/4/2/Hymne_a#768;_l''amour.pdf', 'pdf', '2014-12-14 19:01:50', '2014-12-14 19:01:50', 3, 57, 0),
(195, 'Je vous parle d''un temps', 'scores/Saxophone_Baryton/4/2/Je_vous_parle_d''un_temps.pdf', 'pdf', '2014-12-14 19:03:20', '2014-12-14 19:03:20', 3, 57, 0),
(196, 'La mamma', 'scores/Saxophone_Baryton/4/2/La_mamma.pdf', 'pdf', '2014-12-14 19:04:13', '2014-12-14 19:04:13', 3, 57, 0),
(197, 'Le petit bal perdu', 'scores/Saxophone_Baryton/4/2/Le_petit_bal_perdu.pdf', 'pdf', '2014-12-14 19:05:29', '2014-12-14 19:05:29', 3, 57, 0),
(198, 'Si les vents tournaient', 'scores/Saxophone_Baryton/4/2/Si_les_vents_tournaient.pdf', 'pdf', '2014-12-14 19:06:56', '2014-12-14 19:06:56', 3, 57, 0),
(199, 'Vivre pour le meilleur', 'scores/Saxophone_Baryton/4/2/Vivre_pour_le_meilleur.pdf', 'pdf', '2014-12-14 19:08:09', '2014-12-14 19:08:09', 3, 57, 0),
(200, 'A Salzbourg impression - Flute', 'scores/Flute_Traversiere/4/1/A_Salzbourg_impression_-_Flute.pdf', 'pdf', '2014-12-16 15:58:12', '2014-12-16 15:58:12', 3, 2, 0),
(201, 'A Salzbourg Impression - Clarinette', 'scores/Clarinette_Sib/4/1/A_Salzbourg_Impression_-_Clarinette.pdf', 'pdf', '2014-12-16 15:59:08', '2014-12-16 15:59:08', 3, 5, 0),
(202, 'A Salzbourg Impression - Clar basse', 'scores/Clarinette_Basse/4/1/A_Salzbourg_Impression_-_Clar_basse.pdf', 'pdf', '2014-12-16 15:59:43', '2014-12-16 15:59:43', 3, 4, 0),
(203, 'A Salzbourg Impression - Sax alto', 'scores/Saxophone_Alto/4/1/A_Salzbourg_Impression_-_Sax_alto.pdf', 'pdf', '2014-12-16 16:00:28', '2014-12-16 16:00:28', 3, 9, 0),
(204, 'A Salzbourg Impression - Sax ténor', 'scores/Saxophone_Tenor/4/1/A_Salzbourg_Impression_-_Sax_tenor.pdf', 'pdf', '2014-12-16 16:01:06', '2014-12-16 16:01:06', 3, 10, 0),
(205, 'A Salzbourg Impression - sax baryton', 'scores/Saxophone_Baryton/4/1/A_Salzbourg_Impression_-_sax_baryton.pdf', 'pdf', '2014-12-16 16:01:34', '2014-12-16 16:01:34', 3, 23, 0),
(206, 'A Salzbourg Impression - trompette', 'scores/Trompette/4/1/A_Salzbourg_Impression_-_trompette.pdf', 'pdf', '2014-12-16 16:02:11', '2014-12-16 16:02:11', 3, 12, 0),
(207, 'A Salzbourg Impression - trombone', 'scores/Trombone/4/1/A_Salzbourg_Impression_-_trombone.pdf', 'pdf', '2014-12-16 16:02:49', '2014-12-16 16:02:49', 3, 11, 0),
(208, 'Fiche de ré inscription 2014-2015', 'scores/Documents_A_ta_Portee/1/1/Fiche_de_re_inscription_2014-2015.pdf', 'pdf', '2014-12-18 10:41:57', '2014-12-18 10:41:57', 3, 65, 0),
(209, 'Règlement intérieur élèves', 'scores/Documents_A_ta_Portee/1/1/Reglement_interieur_eleves.pdf', 'pdf', '2014-12-18 10:42:49', '2014-12-18 10:42:49', 3, 65, 0),
(210, 'Réglement interieur profs ', 'scores/Documents_A_ta_Portee/1/1/Reglement_interieur_profs_.pdf', 'pdf', '2014-12-18 10:43:30', '2014-12-18 10:43:30', 3, 65, 0),
(211, 'Bilan trimestriel Chant', 'scores/Documents_A_ta_Portee/1/1/Bilan_trimestriel_Chant.pdf', 'pdf', '2014-12-18 10:45:52', '2014-12-18 10:45:52', 3, 65, 0),
(212, 'Bilan trimestriel FM', 'scores/Documents_A_ta_Portee/1/1/Bilan_trimestriel_FM.pdf', 'pdf', '2014-12-18 10:46:19', '2014-12-18 10:46:19', 3, 65, 0),
(213, 'Bilan trimestriel Guitare', 'scores/Documents_A_ta_Portee/1/1/Bilan_trimestriel_Guitare.pdf', 'pdf', '2014-12-18 10:46:51', '2014-12-18 10:46:51', 3, 65, 0),
(214, 'Bilan trimestriel Vents', 'scores/Documents_A_ta_Portee/1/1/Bilan_trimestriel_Vents.pdf', 'pdf', '2014-12-18 10:47:21', '2014-12-18 10:47:21', 3, 65, 0),
(215, 'Bilan trimestriel Piano', 'scores/Documents_A_ta_Portee/1/1/Bilan_trimestriel_Piano.pdf', 'pdf', '2014-12-18 10:48:14', '2014-12-18 10:48:14', 3, 65, 0),
(216, 'Bilan trimestriel violon', 'scores/Documents_A_ta_Portee/1/1/Bilan_trimestriel_violon.pdf', 'pdf', '2014-12-18 10:52:47', '2014-12-18 10:52:47', 3, 65, 0),
(217, 'Bilan trimestriel guitare basse', 'scores/Documents_A_ta_Portee/1/1/Bilan_trimestriel_guitare_basse.pdf', 'pdf', '2014-12-18 10:53:42', '2014-12-18 10:53:42', 3, 65, 0),
(218, 'Bilan trimestriel Batterie', 'scores/Documents_A_ta_Portee/1/1/Bilan_trimestriel_Batterie.pdf', 'pdf', '2014-12-18 10:54:25', '2014-12-18 10:54:25', 3, 65, 0),
(219, 'CR Pédagogique 091214', 'scores/Documents_A_ta_Portee/1/1/CR_Pedagogique_091214.pdf', 'pdf', '2014-12-18 10:56:48', '2014-12-18 10:56:48', 3, 65, 0),
(220, 'Someone like you - flute et piano', 'scores/Flute_Traversiere/1/4/Someone_like_you_-_flute_et_piano.pdf', 'pdf', '2014-12-18 13:11:00', '2014-12-18 13:11:00', 3, 17, 0),
(221, 'As time goes by - trio sax', 'scores/Saxophone_Alto/1/4/As_time_goes_by_-_trio_sax.pdf', 'pdf', '2014-12-18 13:30:04', '2014-12-18 13:30:04', 3, 21, 0),
(222, 'Can you read my mind - trio sax', 'scores/Saxophone_Alto/1/4/Can_you_read_my_mind_-_trio_sax.pdf', 'pdf', '2014-12-18 13:32:44', '2014-12-18 13:32:44', 3, 21, 0),
(223, 'Dancing in the dark - trio sax', 'scores/Saxophone_Alto/1/4/Dancing_in_the_dark_-_trio_sax.pdf', 'pdf', '2014-12-18 13:33:28', '2014-12-18 13:33:28', 3, 21, 0),
(224, 'Days of wine and roses - trio sax', 'scores/Saxophone_Alto/1/4/Days_of_wine_and_roses_-_trio_sax.pdf', 'pdf', '2014-12-18 13:34:15', '2014-12-18 13:34:15', 3, 21, 0),
(225, 'Fiddler on the roof - trio sax', 'scores/Saxophone_Alto/1/4/Fiddler_on_the_roof_-_trio_sax.pdf', 'pdf', '2014-12-18 13:34:59', '2014-12-18 13:34:59', 3, 21, 0),
(226, 'Forty second street - trio sax', 'scores/Saxophone_Alto/1/4/Forty_second_street_-_trio_sax.pdf', 'pdf', '2014-12-18 13:35:43', '2014-12-18 13:35:43', 3, 21, 0),
(227, 'I cover the waterfront - trio sax', 'scores/Saxophone_Alto/1/4/I_cover_the_waterfront_-_trio_sax.pdf', 'pdf', '2014-12-18 13:36:44', '2014-12-18 13:36:44', 3, 21, 0),
(228, 'I got rhythm - trio sax', 'scores/Saxophone_Alto/1/4/I_got_rhythm_-_trio_sax.pdf', 'pdf', '2014-12-18 13:37:24', '2014-12-18 13:37:24', 3, 21, 0),
(229, 'Jeepers creepers - trio sax', 'scores/Saxophone_Alto/1/4/Jeepers_creepers_-_trio_sax.pdf', 'pdf', '2014-12-18 13:38:22', '2014-12-18 13:38:22', 3, 21, 0),
(230, 'Love and marriage - trio sax', 'scores/Saxophone_Alto/1/4/Love_and_marriage_-_trio_sax.pdf', 'pdf', '2014-12-18 13:39:14', '2014-12-18 13:39:14', 3, 21, 0),
(231, 'Love is here to stay - trio sax', 'scores/Saxophone_Alto/1/4/Love_is_here_to_stay_-_trio_sax.pdf', 'pdf', '2014-12-18 13:39:57', '2014-12-18 13:39:57', 3, 21, 0),
(232, 'Song from mash - trio sax', 'scores/Saxophone_Alto/1/4/Song_from_mash_-_trio_sax.pdf', 'pdf', '2014-12-18 13:40:47', '2014-12-18 13:40:47', 3, 21, 0),
(233, 'Starwars Trio Sax', 'scores/Saxophone_Alto/1/4/Starwars_Trio_Sax.pdf', 'pdf', '2014-12-18 13:42:24', '2014-12-18 13:42:24', 3, 21, 0),
(234, 'Summertime - trio sax', 'scores/Saxophone_Alto/1/4/Summertime_-_trio_sax.pdf', 'pdf', '2014-12-18 13:43:11', '2014-12-18 13:43:11', 3, 21, 0),
(235, 'Tammy - trio sax', 'scores/Saxophone_Alto/1/4/Tammy_-_trio_sax.pdf', 'pdf', '2014-12-18 13:44:15', '2014-12-18 13:44:15', 3, 21, 0),
(236, 'Teach me tonight - trio sax', 'scores/Saxophone_Alto/1/4/Teach_me_tonight_-_trio_sax.pdf', 'pdf', '2014-12-18 13:46:01', '2014-12-18 13:46:01', 3, 21, 0),
(237, 'The magnificent seven - trio sax', 'scores/Saxophone_Alto/1/4/The_magnificent_seven_-_trio_sax.pdf', 'pdf', '2014-12-18 13:47:14', '2014-12-18 13:47:14', 3, 21, 0),
(238, 'The man I love - trio sax', 'scores/Saxophone_Alto/1/4/The_man_I_love_-_trio_sax.pdf', 'pdf', '2014-12-18 13:48:12', '2014-12-18 13:48:12', 3, 21, 0),
(239, 'The summer knows - trio sax', 'scores/Saxophone_Alto/1/4/The_summer_knows_-_trio_sax.pdf', 'pdf', '2014-12-18 13:49:03', '2014-12-18 13:49:03', 3, 21, 0),
(240, 'The varsity drag - trio sax', 'scores/Saxophone_Alto/1/4/The_varsity_drag_-_trio_sax.pdf', 'pdf', '2014-12-18 13:50:01', '2014-12-18 13:50:01', 3, 21, 0),
(241, 'The wind beneath my wings - trio sax', 'scores/Saxophone_Alto/1/4/The_wind_beneath_my_wings_-_trio_sax.pdf', 'pdf', '2014-12-18 13:51:03', '2014-12-18 13:51:03', 3, 21, 0),
(242, 'Theme from ice castles - trio sax', 'scores/Saxophone_Alto/1/4/Theme_from_ice_castles_-_trio_sax.pdf', 'pdf', '2014-12-18 13:51:51', '2014-12-18 13:51:51', 3, 21, 0),
(243, 'Gammes Sib M - La M.pdf', 'scores/Flute_Traversiere/1/2/Gammes_Sib_M_-_La_M.pdf.pdf', 'pdf', '2014-12-18 14:34:07', '2014-12-18 14:34:07', 3, 15, 0),
(244, 'Gammes Do M - Sol M - J GILLET', 'scores/Flute_Traversiere/1/2/Gammes_Do_M_-_Sol_M_-_J_GILLET.pdf', 'pdf', '2014-12-18 14:39:53', '2014-12-18 14:39:53', 3, 15, 0),
(245, 'Gammes Fa M - Ré M - J GILLET', 'scores/Flute_Traversiere/1/2/Gammes_Fa_M_-_Re_M_-_J_GILLET.pdf', 'pdf', '2014-12-18 14:40:39', '2014-12-18 14:40:39', 3, 15, 0),
(246, 'Gammes Do M - Sol M - J GILLET', 'scores/Flute_Traversiere/1/3/Gammes_Do_M_-_Sol_M_-_J_GILLET.pdf', 'pdf', '2014-12-18 14:43:10', '2014-12-18 14:43:10', 3, 16, 0),
(247, 'Gammes Fa M - Ré M - J GILLET', 'scores/Flute_Traversiere/1/3/Gammes_Fa_M_-_Re_M_-_J_GILLET.pdf', 'pdf', '2014-12-18 14:44:06', '2014-12-18 14:44:06', 3, 16, 0),
(248, 'Gammes Sib M - La M - J GILLET', 'scores/Flute_Traversiere/1/3/Gammes_Sib_M_-_La_M_-_J_GILLET.pdf', 'pdf', '2014-12-18 14:45:06', '2014-12-18 14:45:06', 3, 16, 0),
(249, 'Gammes Lab M - Si M - J GILLET', 'scores/Flute_Traversiere/1/4/Gammes_Lab_M_-_Si_M_-_J_GILLET.pdf', 'pdf', '2014-12-18 14:45:58', '2014-12-18 14:45:58', 3, 17, 0),
(250, 'Gammes Réb M - Fa# M - J GILLET', 'scores/Flute_Traversiere/1/4/Gammes_Reb_M_-_Fa#_M_-_J_GILLET.pdf', 'pdf', '2014-12-18 14:46:49', '2014-12-18 14:46:49', 3, 17, 0),
(251, 'Gammes Mib M - Mi M - J GILLET', 'scores/Flute_Traversiere/1/4/Gammes_Mib_M_-_Mi_M_-_J_GILLET.pdf', 'pdf', '2014-12-18 14:47:48', '2014-12-18 14:47:48', 3, 17, 0),
(252, 'Variations Serieuses - PROUST.pdf', 'scores/Flute_Traversiere/1/4/Variations_Serieuses_-_PROUST.pdf.pdf', 'pdf', '2014-12-18 14:50:05', '2014-12-18 14:50:05', 3, 17, 0),
(253, '22 Esquisses - MARTIN.pdf', 'scores/Saxophone_Alto/2/1/22_Esquisses_-_MARTIN.pdf.pdf', 'pdf', '2014-12-18 14:56:05', '2014-12-18 14:56:05', 3, 66, 0),
(254, 'AgainstAllOdds - Trb1', 'scores/Trombone/4/1/AgainstAllOdds_-_Trb1.pdf', 'pdf', '2014-12-18 14:58:31', '2014-12-18 14:58:31', 3, 11, 0),
(255, 'AlpiniItaliani - Trb1', 'scores/Trombone/4/1/AlpiniItaliani_-_Trb1.pdf', 'pdf', '2014-12-18 14:59:06', '2014-12-18 14:59:06', 3, 11, 0),
(256, 'AlpiniItaliani - Trb2', 'scores/Trombone/4/1/AlpiniItaliani_-_Trb2.pdf', 'pdf', '2014-12-19 11:00:29', '2014-12-19 11:00:29', 3, 11, 0),
(257, 'Sogno di primavera - Trb Sib 1', 'scores/Trombone/4/1/Sogno_di_primavera_-_Trb_Sib_1.pdf', 'pdf', '2014-12-19 12:44:40', '2014-12-19 12:44:40', 3, 11, 0),
(258, 'Sogno di primavera - Trb Sib 2', 'scores/Trombone/4/1/Sogno_di_primavera_-_Trb_Sib_2.pdf', 'pdf', '2014-12-19 12:46:21', '2014-12-19 12:46:21', 3, 11, 0),
(259, 'LaVitaEBella - Trombone Ut 1 et 2', 'scores/Trombone/4/1/LaVitaEBella_-_Trombone_Ut_1_et_2.pdf', 'pdf', '2014-12-19 12:50:51', '2014-12-19 12:50:51', 3, 11, 0),
(260, 'LaFotografia - Trb Ut 1', 'scores/Trombone/4/1/LaFotografia_-_Trb_Ut_1.pdf', 'pdf', '2014-12-19 12:51:39', '2014-12-19 12:51:39', 3, 11, 0),
(261, 'LaFotografia - Trb Ut 2', 'scores/Trombone/4/1/LaFotografia_-_Trb_Ut_2.pdf', 'pdf', '2014-12-19 12:52:11', '2014-12-19 12:52:11', 3, 11, 0),
(262, 'LaDamaDelVento - Trb Ut 1 et 2', 'scores/Trombone/4/1/LaDamaDelVento_-_Trb_Ut_1_et_2.pdf', 'pdf', '2014-12-19 12:52:58', '2014-12-19 12:52:58', 3, 11, 0),
(263, 'La Strada - Trb 1 Ut', 'scores/Trombone/4/1/La_Strada_-_Trb_1_Ut.pdf', 'pdf', '2014-12-19 12:53:33', '2014-12-19 12:53:33', 3, 11, 0),
(264, 'La Strada - Trb 2 Ut', 'scores/Trombone/4/1/La_Strada_-_Trb_2_Ut.pdf', 'pdf', '2014-12-19 12:53:58', '2014-12-19 12:53:58', 3, 11, 0),
(265, 'Music From Cars - trombone', 'scores/Trombone/4/1/Music_From_Cars_-_trombone.pdf', 'pdf', '2014-12-19 12:56:52', '2014-12-19 12:56:52', 3, 11, 0),
(266, 'Hawai 5-0 Score - Trombone', 'scores/Trombone/4/1/Hawai_5-0_Score_-_Trombone.pdf', 'pdf', '2014-12-19 13:03:57', '2014-12-19 13:03:57', 3, 11, 0),
(267, 'Against All Odds - Clar Basse', 'scores/Clarinette_Basse/4/1/Against_All_Odds_-_Clar_Basse.pdf', 'pdf', '2014-12-19 13:06:59', '2014-12-19 13:06:59', 3, 4, 0),
(268, 'AlpiniItaliani - Clar Basse', 'scores/Clarinette_Basse/4/1/AlpiniItaliani_-_Clar_Basse.pdf', 'pdf', '2014-12-19 13:07:39', '2014-12-19 13:07:39', 3, 4, 0),
(269, 'La Vita E Bella - Clar Basse', 'scores/Clarinette_Basse/4/1/La_Vita_E_Bella_-_Clar_Basse.pdf', 'pdf', '2014-12-19 13:17:05', '2014-12-19 13:17:05', 3, 4, 0),
(270, 'LaFotografia - Clar Basse', 'scores/Clarinette_Basse/4/1/LaFotografia_-_Clar_Basse.pdf', 'pdf', '2014-12-19 13:22:40', '2014-12-19 13:22:40', 3, 4, 0),
(271, 'La Dama Del Vento - Clar Basse', 'scores/Clarinette_Basse/4/1/La_Dama_Del_Vento_-_Clar_Basse.pdf', 'pdf', '2014-12-19 13:25:24', '2014-12-19 13:25:24', 3, 4, 0),
(272, 'Dance Into The Light - clar basse', 'scores/Clarinette_Basse/4/1/Dance_Into_The_Light_-_clar_basse.pdf', 'pdf', '2014-12-19 13:30:01', '2014-12-19 13:30:01', 3, 4, 0),
(273, 'Music From Cars - Clar basse', 'scores/Clarinette_Basse/4/1/Music_From_Cars_-_Clar_basse.pdf', 'pdf', '2014-12-19 13:33:09', '2014-12-19 13:33:09', 3, 4, 0),
(274, 'Hawai 5-0 Score - Clar Basse', 'scores/Clarinette_Basse/4/1/Hawai_5-0_Score_-_Clar_Basse.pdf', 'pdf', '2014-12-19 13:33:53', '2014-12-19 13:33:53', 3, 4, 0),
(275, 'Hawai 5-0 Score - Alto Sax 1', 'scores/Saxophone_Alto/4/1/Hawai_5-0_Score_-_Alto_Sax_1.pdf', 'pdf', '2014-12-19 13:35:51', '2014-12-19 13:35:51', 3, 9, 0),
(276, 'Against All Odds - Perc 1', 'scores/Percussion_-_Accessoires/4/1/Against_All_Odds_-_Perc_1.pdf', 'pdf', '2014-12-19 13:37:28', '2014-12-19 13:37:28', 3, 30, 0),
(277, 'Against All Odds - Perc 2', 'scores/Percussion_-_Accessoires/4/1/Against_All_Odds_-_Perc_2.pdf', 'pdf', '2014-12-19 13:38:08', '2014-12-19 13:38:08', 3, 30, 0),
(278, 'Dance Into The Light - percussion', 'scores/Percussion_-_Accessoires/4/1/Dance_Into_The_Light_-_percussion.pdf', 'pdf', '2014-12-19 13:40:06', '2014-12-19 13:40:06', 3, 30, 0),
(279, 'La Dama Del Vento - Percussion', 'scores/Percussion_-_Accessoires/4/1/La_Dama_Del_Vento_-_Percussion.pdf', 'pdf', '2014-12-19 13:40:58', '2014-12-19 13:40:58', 3, 30, 0),
(280, 'La Vita E Bella - Bongos et Shaker', 'scores/Percussion_-_Accessoires/4/1/La_Vita_E_Bella_-_Bongos_et_Shaker.pdf', 'pdf', '2014-12-19 13:41:44', '2014-12-19 13:41:44', 3, 30, 0),
(281, 'La Vita E Bella - Caisse Claire et Grosse Caisse', 'scores/Percussion_-_Accessoires/4/1/La_Vita_E_Bella_-_Caisse_Claire_et_Grosse_Caisse.pdf', 'pdf', '2014-12-19 13:42:36', '2014-12-19 13:42:36', 3, 30, 0),
(282, 'Hawai 5-0 Score - Tambourin', 'scores/Percussion_-_Accessoires/4/1/Hawai_5-0_Score_-_Tambourin.pdf', 'pdf', '2014-12-19 13:43:06', '2014-12-19 13:43:06', 3, 30, 0),
(283, 'Hawai 5-0 Score - Conga', 'scores/Percussion_-_Accessoires/4/1/Hawai_5-0_Score_-_Conga.pdf', 'pdf', '2014-12-19 13:43:35', '2014-12-19 13:43:35', 3, 30, 0),
(284, 'Sogno di primavera - Percussion', 'scores/Percussion_-_Accessoires/4/1/Sogno_di_primavera_-_Percussion.pdf', 'pdf', '2014-12-19 13:45:27', '2014-12-19 13:45:27', 3, 30, 0),
(285, 'Appellation des doigts de la main', 'scores/Clarinette_Sib/1/1/Appellation_des_doigts_de_la_main.pdf', 'pdf', '2014-12-28 09:47:23', '2014-12-28 09:47:23', 3, 40, 0),
(286, 'Appellation des doigts de la main', 'scores/Flute_Traversiere/1/1/Appellation_des_doigts_de_la_main.pdf', 'pdf', '2014-12-28 09:48:32', '2014-12-28 09:48:32', 3, 14, 0),
(287, 'Appellation des doigts de la main', 'scores/Saxophone_Alto/1/1/Appellation_des_doigts_de_la_main.pdf', 'pdf', '2014-12-28 09:49:50', '2014-12-28 09:49:50', 3, 18, 0),
(288, 'Autre tablature.pdf', 'scores/Saxophone_Alto/1/1/Autre_tablature.pdf.pdf', 'pdf', '2014-12-31 09:47:51', '2014-12-31 09:47:51', 3, 18, 0),
(289, 'Fabrication d''un bec', 'scores/Saxophone_Alto/1/1/Fabrication_d''un_bec.pdf', 'pdf', '2014-12-31 09:48:21', '2014-12-31 09:48:21', 3, 18, 0),
(290, 'Fabrication d''un bec', 'scores/Clarinette_Sib/1/1/Fabrication_d''un_bec.pdf', 'pdf', '2014-12-31 09:48:54', '2014-12-31 09:48:54', 3, 40, 0),
(291, 'Fabrication d''une anche', 'scores/Saxophone_Alto/1/1/Fabrication_d''une_anche.pdf', 'pdf', '2014-12-31 09:50:08', '2014-12-31 09:50:08', 3, 18, 0),
(292, 'Fabrication d''une anche', 'scores/Clarinette_Sib/1/1/Fabrication_d''une_anche.pdf', 'pdf', '2014-12-31 09:51:17', '2014-12-31 09:51:17', 3, 40, 0),
(293, 'Noel 2014 - Amazing Grace - Score & parts', 'scores/A_ta_portee/1/2/Noel_2014_-_Amazing_Grace_-_Score__parts.pdf', 'pdf', '2014-12-31 09:54:06', '2014-12-31 09:54:06', 3, 68, 0),
(294, 'Noel 2014 - Amazing Grace - voix solo', 'scores/A_ta_portee/1/2/Noel_2014_-_Amazing_Grace_-_voix_solo.pdf', 'pdf', '2014-12-31 09:54:49', '2014-12-31 09:54:49', 3, 68, 0),
(295, 'Noel 2014 - Dans l''Eglise de Harlem - voix.pdf', 'scores/A_ta_portee/1/2/Noel_2014_-_Dans_l''Eglise_de_Harlem_-_voix.pdf.pdf', 'pdf', '2014-12-31 09:55:59', '2014-12-31 09:55:59', 3, 68, 0),
(296, 'Noel 2014 - Dans l''Eglise de Harlem - Score & Parts', 'scores/A_ta_portee/1/2/Noel_2014_-_Dans_l''Eglise_de_Harlem_-_Score__Parts.pdf', 'pdf', '2014-12-31 09:57:05', '2014-12-31 09:57:05', 3, 68, 0),
(297, 'Noel 2014 - De Angel - voix', 'scores/A_ta_portee/1/2/Noel_2014_-_De_Angel_-_voix.pdf', 'pdf', '2014-12-31 10:01:08', '2014-12-31 10:01:08', 3, 68, 0),
(298, 'Noel 2014 - Go tell it in the mountain - Score & Parts', 'scores/A_ta_portee/1/2/Noel_2014_-_Go_tell_it_in_the_mountain_-_Score__Parts.pdf', 'pdf', '2014-12-31 10:01:46', '2014-12-31 10:01:46', 3, 68, 0),
(299, 'Noel 2014 - Go Tell it in the Mountain - voix.pdf', 'scores/A_ta_portee/1/2/Noel_2014_-_Go_Tell_it_in_the_Mountain_-_voix.pdf.pdf', 'pdf', '2014-12-31 10:03:03', '2014-12-31 10:03:03', 3, 68, 0),
(300, 'Noel 2014 - Oh Happy Day Score & parts', 'scores/A_ta_portee/1/2/Noel_2014_-_Oh_Happy_Day_Score__parts.pdf', 'pdf', '2014-12-31 10:03:54', '2014-12-31 10:03:54', 3, 68, 0),
(301, 'Noel 2014 - White Christmas Score & Parts', 'scores/A_ta_portee/1/2/Noel_2014_-_White_Christmas_Score__Parts.pdf', 'pdf', '2014-12-31 10:05:12', '2014-12-31 10:05:12', 3, 68, 0),
(302, 'Noel 2014 - I will follow him - voix.pdf', 'scores/A_ta_portee/1/2/Noel_2014_-_I_will_follow_him_-_voix.pdf.pdf', 'pdf', '2014-12-31 10:06:01', '2014-12-31 10:06:01', 3, 68, 0),
(303, 'Noel 2014 - Hail Holy Queen - voix', 'scores/A_ta_portee/1/2/Noel_2014_-_Hail_Holy_Queen_-_voix.pdf', 'pdf', '2014-12-31 10:07:00', '2014-12-31 10:07:00', 3, 68, 0),
(304, 'Le cortège des fourmis COITEUX', 'scores/Saxophone_Alto/1/4/Le_cortege_des_fourmis_COITEUX.pdf', 'pdf', '2015-01-03 17:40:59', '2015-01-03 17:40:59', 3, 21, 0),
(305, 'Sur les bord de l''oise - A Carlin', 'scores/Saxophone_Alto/1/2/Sur_les_bord_de_l''oise_-_A_Carlin.pdf', 'pdf', '2015-01-03 17:42:45', '2015-01-03 17:42:45', 3, 19, 0),
(306, 'Monter l''anche sur le bec', 'scores/Saxophone_Alto/1/1/Monter_l''anche_sur_le_bec.pdf', 'pdf', '2015-01-03 17:54:23', '2015-01-03 17:54:23', 3, 18, 0),
(307, 'Monter l''anche sur le bec', 'scores/Clarinette_Sib/1/1/Monter_l''anche_sur_le_bec.pdf', 'pdf', '2015-01-03 17:54:54', '2015-01-03 17:54:54', 3, 40, 0),
(308, 'Respiration abdominale', 'scores/Saxophone_Alto/1/1/Respiration_abdominale.pdf', 'pdf', '2015-01-03 18:01:08', '2015-01-03 18:01:08', 3, 18, 0),
(309, 'Respiration abdominale', 'scores/Flute_Traversiere/1/1/Respiration_abdominale.pdf', 'pdf', '2015-01-03 18:01:38', '2015-01-03 18:01:38', 3, 14, 0),
(310, 'Respiration abdominale', 'scores/Clarinette_Sib/1/1/Respiration_abdominale.pdf', 'pdf', '2015-01-03 18:02:05', '2015-01-03 18:02:05', 3, 40, 0),
(311, 'Bien se positionner', 'scores/Saxophone_Alto/1/1/Bien_se_positionner.pdf', 'pdf', '2015-01-03 18:09:45', '2015-01-03 18:09:45', 3, 18, 0),
(312, 'Position de l''embouchure', 'scores/Saxophone_Alto/1/1/Position_de_l''embouchure.pdf', 'pdf', '2015-01-03 18:13:17', '2015-01-03 18:13:17', 3, 18, 0),
(313, 'Les différents saxophones', 'scores/Saxophone_Alto/1/1/Les_differents_saxophones.pdf', 'pdf', '2015-01-03 18:18:37', '2015-01-03 18:18:37', 3, 18, 0),
(314, 'Les principales parties d''un saxophone', 'scores/Saxophone_Alto/1/1/Les_principales_parties_d''un_saxophone.pdf', 'pdf', '2015-01-03 18:24:07', '2015-01-03 18:24:07', 3, 18, 0),
(315, 'Solfier pour mieux jouer VOL1 Chap1', 'scores/Initiation_Musicale/1/2/Solfier_pour_mieux_jouer_VOL1_Chap1.pdf', 'pdf', '2015-01-04 16:41:45', '2015-01-04 16:41:45', 3, 36, 0),
(316, 'Solfier pour mieux jouer VOL1 Chap2', 'scores/Initiation_Musicale/1/2/Solfier_pour_mieux_jouer_VOL1_Chap2.pdf', 'pdf', '2015-01-04 16:42:48', '2015-01-04 16:42:48', 3, 36, 0),
(317, 'Solfier pour mieux jouer VOL1 Chap3', 'scores/Initiation_Musicale/1/2/Solfier_pour_mieux_jouer_VOL1_Chap3.pdf', 'pdf', '2015-01-04 16:43:58', '2015-01-04 16:43:58', 3, 36, 0),
(318, 'Solfier pour mieux jouer VOL1 Chap4', 'scores/Initiation_Musicale/1/2/Solfier_pour_mieux_jouer_VOL1_Chap4.pdf', 'pdf', '2015-01-04 16:45:15', '2015-01-04 16:45:15', 3, 36, 0),
(319, 'Solfier pour mieux jouer VOL1 Chap5', 'scores/Initiation_Musicale/1/2/Solfier_pour_mieux_jouer_VOL1_Chap5.pdf', 'pdf', '2015-01-04 16:46:18', '2015-01-04 16:46:18', 3, 36, 0),
(320, 'Solfier pour mieux jouer VOL1 Chap6', 'scores/Initiation_Musicale/1/2/Solfier_pour_mieux_jouer_VOL1_Chap6.pdf', 'pdf', '2015-01-04 16:47:48', '2015-01-04 16:47:48', 3, 36, 0),
(321, 'Solfier pour mieux jouer VOL1 Chap7', 'scores/Initiation_Musicale/1/2/Solfier_pour_mieux_jouer_VOL1_Chap7.pdf', 'pdf', '2015-01-04 16:48:57', '2015-01-04 16:48:57', 3, 36, 0),
(322, 'Solfier pour mieux jouer VOL1 Chap8', 'scores/Initiation_Musicale/1/2/Solfier_pour_mieux_jouer_VOL1_Chap8.pdf', 'pdf', '2015-01-04 16:49:54', '2015-01-04 16:49:54', 3, 36, 0),
(323, 'Solfier pour mieux jouer VOL1 Chap9', 'scores/Initiation_Musicale/1/2/Solfier_pour_mieux_jouer_VOL1_Chap9.pdf', 'pdf', '2015-01-04 16:50:58', '2015-01-04 16:50:58', 3, 36, 0),
(324, 'Solfier pour mieux jouer VOL1 Chap10', 'scores/Initiation_Musicale/1/2/Solfier_pour_mieux_jouer_VOL1_Chap10.pdf', 'pdf', '2015-01-04 16:52:10', '2015-01-04 16:52:10', 3, 36, 0),
(325, 'Solfier pour mieux jouer VOL1 Chap11', 'scores/Initiation_Musicale/1/2/Solfier_pour_mieux_jouer_VOL1_Chap11.pdf', 'pdf', '2015-01-04 16:53:15', '2015-01-04 16:53:15', 3, 36, 0),
(326, 'Solfier pour mieux jouer VOL1 Chap12', 'scores/Initiation_Musicale/1/2/Solfier_pour_mieux_jouer_VOL1_Chap12.pdf', 'pdf', '2015-01-04 16:54:10', '2015-01-04 16:54:10', 3, 36, 0),
(327, 'Solfier pour mieux jouer VOL1 Chap13', 'scores/Initiation_Musicale/1/2/Solfier_pour_mieux_jouer_VOL1_Chap13.pdf', 'pdf', '2015-01-04 16:55:16', '2015-01-04 16:55:16', 3, 36, 0),
(328, 'Solfier pour mieux jouer VOL1 Chap14', 'scores/Initiation_Musicale/1/2/Solfier_pour_mieux_jouer_VOL1_Chap14.pdf', 'pdf', '2015-01-04 16:56:28', '2015-01-04 16:56:28', 3, 36, 0),
(329, 'Solfier pour mieux jouer VOL1 Chap15', 'scores/Initiation_Musicale/1/2/Solfier_pour_mieux_jouer_VOL1_Chap15.pdf', 'pdf', '2015-01-04 16:58:10', '2015-01-04 16:58:10', 3, 36, 0),
(330, 'Solfier pour mieux jouer VOL1 Chap16', 'scores/Initiation_Musicale/1/2/Solfier_pour_mieux_jouer_VOL1_Chap16.pdf', 'pdf', '2015-01-04 16:59:15', '2015-01-04 16:59:15', 3, 36, 0),
(331, 'Solfier pour mieux jouer VOL1 Chap17', 'scores/Initiation_Musicale/1/2/Solfier_pour_mieux_jouer_VOL1_Chap17.pdf', 'pdf', '2015-01-04 17:00:15', '2015-01-04 17:00:15', 3, 36, 0),
(332, 'Solfier pour mieux jouer VOL1 Chap18', 'scores/Initiation_Musicale/1/2/Solfier_pour_mieux_jouer_VOL1_Chap18.pdf', 'pdf', '2015-01-04 17:01:52', '2015-01-04 17:01:52', 3, 36, 0),
(333, 'Solfier pour mieux jouer VOL1 Chap19', 'scores/Initiation_Musicale/1/2/Solfier_pour_mieux_jouer_VOL1_Chap19.pdf', 'pdf', '2015-01-04 17:03:01', '2015-01-04 17:03:01', 3, 36, 0),
(334, 'Solfier pour mieux jouer VOL1 Chap20', 'scores/Initiation_Musicale/1/2/Solfier_pour_mieux_jouer_VOL1_Chap20.pdf', 'pdf', '2015-01-04 17:04:13', '2015-01-04 17:04:13', 3, 36, 0),
(335, 'Solfier pour mieux jouer VOL1 Chap21', 'scores/Initiation_Musicale/1/2/Solfier_pour_mieux_jouer_VOL1_Chap21.pdf', 'pdf', '2015-01-04 17:05:38', '2015-01-04 17:05:38', 3, 36, 0),
(336, 'MV3 Leçon1', 'scores/Formation_Musicale/1/3/MV3_Lecon1.pdf', 'pdf', '2015-01-04 18:53:38', '2015-01-04 18:53:38', 3, 71, 0),
(337, 'MV3 Leçon2', 'scores/Formation_Musicale/1/3/MV3_Lecon2.pdf', 'pdf', '2015-01-04 18:54:41', '2015-01-04 18:54:41', 3, 71, 0),
(338, 'MV3 Leçon3', 'scores/Formation_Musicale/1/3/MV3_Lecon3.pdf', 'pdf', '2015-01-04 18:57:24', '2015-01-04 18:57:24', 3, 71, 0),
(339, 'MV3 Leçon4', 'scores/Formation_Musicale/1/3/MV3_Lecon4.pdf', 'pdf', '2015-01-04 19:00:21', '2015-01-04 19:00:21', 3, 71, 0),
(340, 'MV3 Leçon5', 'scores/Formation_Musicale/1/3/MV3_Lecon5.pdf', 'pdf', '2015-01-04 19:01:27', '2015-01-04 19:01:27', 3, 71, 0),
(341, 'Coordonnées Professeurs', 'scores/Documents_A_ta_Portee/1/1/Coordonnees_Professeurs.pdf', 'pdf', '2015-01-05 10:35:27', '2015-01-05 10:35:27', 3, 65, 0),
(342, 'Sapore d''Estate - Flute 1 et 2', 'scores/Flute_Traversiere/4/1/Sapore_d''Estate_-_Flute_1_et_2.pdf', 'pdf', '2015-01-05 14:22:29', '2015-01-05 14:22:29', 3, 2, 0),
(343, 'Sapore d''Estate - Clarinette Sib1,2 et 3', 'scores/Clarinette_Sib/4/1/Sapore_d''Estate_-_Clarinette_Sib1,2_et_3.pdf', 'pdf', '2015-01-05 14:24:24', '2015-01-05 14:24:24', 3, 5, 0),
(344, 'Sapore d''Estate - Sax Alto 1 et 2', 'scores/Saxophone_Alto/4/1/Sapore_d''Estate_-_Sax_Alto_1_et_2.pdf', 'pdf', '2015-01-05 14:25:54', '2015-01-05 14:25:54', 3, 9, 0),
(345, 'Sapore d''Estate - Sax ténor', 'scores/Saxophone_Tenor/4/1/Sapore_d''Estate_-_Sax_tenor.pdf', 'pdf', '2015-01-05 14:27:24', '2015-01-05 14:27:24', 3, 10, 0),
(346, 'Sapore d''Estate - Sax baryton', 'scores/Saxophone_Baryton/4/1/Sapore_d''Estate_-_Sax_baryton.pdf', 'pdf', '2015-01-05 14:29:29', '2015-01-05 14:29:29', 3, 23, 0),
(347, 'Sapore d''Estate - Trompette 1,2 et 3', 'scores/Trompette/4/1/Sapore_d''Estate_-_Trompette_1,2_et_3.pdf', 'pdf', '2015-01-05 14:31:02', '2015-01-05 14:31:02', 3, 12, 0),
(348, 'Sapore d''Estate - Bariton Sib', 'scores/Basse_Sib/4/1/Sapore_d''Estate_-_Bariton_Sib.pdf', 'pdf', '2015-01-05 14:33:06', '2015-01-05 14:33:06', 3, 29, 0);
INSERT INTO `scores` (`id`, `name`, `url`, `extension`, `created`, `modified`, `user_id`, `course_id`, `audio_id`) VALUES
(349, 'La Strada - baryton Sib 1 Clé de sol', 'scores/Basse_Sib_et_Mib_/4/1/La_Strada_-_baryton_Sib_1_Cle_de_sol.pdf', 'pdf', '2015-01-05 14:37:04', '2015-01-05 14:37:04', 3, 29, 0),
(350, 'La Strada - baryton Sib 2 Clé de sol', 'scores/Basse_Sib_et_Mib_/4/1/La_Strada_-_baryton_Sib_2_Cle_de_sol.pdf', 'pdf', '2015-01-05 14:37:26', '2015-01-05 14:37:26', 3, 29, 0),
(351, 'LaDamaDelVento - Baryton Sib Clé de Fa', 'scores/Basse_Sib_et_Mib_/4/1/LaDamaDelVento_-_Baryton_Sib_Cle_de_Fa.pdf', 'pdf', '2015-01-05 14:38:09', '2015-01-05 14:38:09', 3, 29, 0),
(352, 'Sogno di primavera - Bariton Sib Clé de Sol', 'scores/Basse_Sib_et_Mib_/4/1/Sogno_di_primavera_-_Bariton_Sib_Cle_de_Sol.pdf', 'pdf', '2015-01-05 14:39:17', '2015-01-05 14:39:17', 3, 29, 0),
(353, 'AlpiniItaliani - Basse Sib', 'scores/Basse_Sib_et_Mib_/4/1/AlpiniItaliani_-_Basse_Sib.pdf', 'pdf', '2015-01-05 14:40:22', '2015-01-05 14:40:22', 3, 29, 0),
(354, 'LaFotografia - Basse Sib', 'scores/Basse_Sib_et_Mib_/4/1/LaFotografia_-_Basse_Sib.pdf', 'pdf', '2015-01-05 14:41:23', '2015-01-05 14:41:23', 3, 29, 0),
(355, 'LaVitaEBella - Basse Sib 1 et 2 Clé de Sol', 'scores/Basse_Sib_et_Mib_/4/1/LaVitaEBella_-_Basse_Sib_1_et_2_Cle_de_Sol.pdf', 'pdf', '2015-01-05 14:42:12', '2015-01-05 14:42:12', 3, 29, 0),
(356, 'Sapore d''Estate - Clarinette basse', 'scores/Clarinette_Basse/4/1/Sapore_d''Estate_-_Clarinette_basse.pdf', 'pdf', '2015-01-05 14:44:14', '2015-01-05 14:44:14', 3, 4, 0),
(357, 'Sapore d''Estate - Trombone Ut', 'scores/Trombone/4/1/Sapore_d''Estate_-_Trombone_Ut.pdf', 'pdf', '2015-01-05 14:45:46', '2015-01-05 14:45:46', 3, 11, 0),
(358, 'Sapore d''Estate - Xylophone', 'scores/Xylophone/4/1/Sapore_d''Estate_-_Xylophone.pdf', 'pdf', '2015-01-05 14:46:37', '2015-01-05 14:46:37', 3, 26, 0),
(359, 'Sapore d''Estate - Percussions', 'scores/Percussion_-_Accessoires/4/1/Sapore_d''Estate_-_Percussions.pdf', 'pdf', '2015-01-05 14:47:15', '2015-01-05 14:47:15', 3, 30, 0),
(360, 'Sapore d''Estate - Piano', 'scores/Piano/4/1/Sapore_d''Estate_-_Piano.pdf', 'pdf', '2015-01-05 14:48:00', '2015-01-05 14:48:00', 3, 7, 0),
(361, 'Sapore d''Estate - Timpani', 'scores/Timbales/4/1/Sapore_d''Estate_-_Timpani.pdf', 'pdf', '2015-01-05 14:48:33', '2015-01-05 14:48:33', 3, 25, 0),
(362, 'Sapore d''Estate - Hautbois', 'scores/Hautbois/4/1/Sapore_d''Estate_-_Hautbois.pdf', 'pdf', '2015-01-05 14:49:27', '2015-01-05 14:49:27', 3, 33, 0),
(363, 'Sapore d''Estate - Cornet Mib', 'scores/Cornet_Mib/4/1/Sapore_d''Estate_-_Cornet_Mib.pdf', 'pdf', '2015-01-05 14:51:38', '2015-01-05 14:51:38', 3, 75, 0),
(364, 'Sapore d''Estate - Guitare basse', 'scores/Guitare_Basse/4/1/Sapore_d''Estate_-_Guitare_basse.pdf', 'pdf', '2015-01-05 14:55:06', '2015-01-05 14:55:06', 3, 27, 0),
(365, 'Sapore d''Estate - Cor en Mib et Fa', 'scores/Cor/4/1/Sapore_d''Estate_-_Cor_en_Mib_et_Fa.pdf', 'pdf', '2015-01-05 15:00:43', '2015-01-05 15:00:43', 3, 6, 0),
(366, 'Sapore d''Estate - Bugle Sib 1,2 et 3', 'scores/Bugle/4/1/Sapore_d''Estate_-_Bugle_Sib_1,2_et_3.pdf', 'pdf', '2015-01-05 15:09:00', '2015-01-05 15:09:00', 3, 32, 0),
(367, 'Sapore d''Estate - Batterie', 'scores/Batterie/4/1/Sapore_d''Estate_-_Batterie.pdf', 'pdf', '2015-01-05 15:11:24', '2015-01-05 15:11:24', 3, 3, 0),
(368, 'Sapore d''Estate - Basse Mib', 'scores/Basse_Sib_et_Mib_/4/1/Sapore_d''Estate_-_Basse_Mib.pdf', 'pdf', '2015-01-05 15:13:30', '2015-01-05 15:13:30', 3, 29, 0),
(369, 'Sapore d''Estate - Basse Ut', 'scores/Basse_Ut/4/1/Sapore_d''Estate_-_Basse_Ut.pdf', 'pdf', '2015-01-05 15:15:34', '2015-01-05 15:15:34', 3, 78, 0),
(370, 'AlpiniItaliani - Basse Ut 1 et 2', 'scores/Basse_Ut/4/1/AlpiniItaliani_-_Basse_Ut_1_et_2.pdf', 'pdf', '2015-01-05 15:16:18', '2015-01-05 15:16:18', 3, 78, 0),
(371, 'LaDamaDelVento - Basse Ut 1 et 2', 'scores/Basse_Ut/4/1/LaDamaDelVento_-_Basse_Ut_1_et_2.pdf', 'pdf', '2015-01-05 15:17:00', '2015-01-05 15:17:00', 3, 78, 0),
(372, 'LaFotografia - Basse Ut 1 et 2', 'scores/Basse_Ut/4/1/LaFotografia_-_Basse_Ut_1_et_2.pdf', 'pdf', '2015-01-05 15:17:54', '2015-01-05 15:17:54', 3, 78, 0),
(373, 'LaVitaEBella - Basse Ut 1 et 2', 'scores/Basse_Ut/4/1/LaVitaEBella_-_Basse_Ut_1_et_2.pdf', 'pdf', '2015-01-05 15:18:31', '2015-01-05 15:18:31', 3, 78, 0),
(374, 'Sogno di primavera - Basse Ut 1 et 2', 'scores/Basse_Ut/4/1/Sogno_di_primavera_-_Basse_Ut_1_et_2.pdf', 'pdf', '2015-01-05 15:19:27', '2015-01-05 15:19:27', 3, 78, 0),
(375, 'Against All Odds - Guitare Basse', 'scores/Guitare_Basse/4/1/Against_All_Odds_-_Guitare_Basse.pdf', 'pdf', '2015-01-05 15:20:22', '2015-01-05 15:20:22', 3, 27, 0),
(376, 'Dance Into The Light - guitare basse', 'scores/Guitare_Basse/4/1/Dance_Into_The_Light_-_guitare_basse.pdf', 'pdf', '2015-01-05 15:21:19', '2015-01-05 15:21:19', 3, 27, 0),
(377, 'Sogno di primavera - Guitare Basse', 'scores/Guitare_Basse/4/1/Sogno_di_primavera_-_Guitare_Basse.pdf', 'pdf', '2015-01-05 15:22:09', '2015-01-05 15:22:09', 3, 27, 0),
(378, 'Music From Cars - guitare basse', 'scores/Guitare_Basse/4/1/Music_From_Cars_-_guitare_basse.pdf', 'pdf', '2015-01-05 15:22:53', '2015-01-05 15:22:53', 3, 27, 0),
(379, 'MV3 Leçon6', 'scores/Formation_Musicale/1/3/MV3_Lecon6.pdf', 'pdf', '2015-01-05 16:45:08', '2015-01-05 16:45:08', 3, 71, 0),
(380, 'MV3 Leçon7', 'scores/Formation_Musicale/1/3/MV3_Lecon7.pdf', 'pdf', '2015-01-05 16:47:35', '2015-01-05 16:47:35', 3, 71, 0),
(381, 'MV3 Leçon8', 'scores/Formation_Musicale/1/3/MV3_Lecon8.pdf', 'pdf', '2015-01-05 16:49:50', '2015-01-05 16:49:50', 3, 71, 0),
(382, 'MV3 Leçon9', 'scores/Formation_Musicale/1/3/MV3_Lecon9.pdf', 'pdf', '2015-01-05 16:51:02', '2015-01-05 16:51:02', 3, 71, 0),
(383, 'MV3 Leçon10', 'scores/Formation_Musicale/1/3/MV3_Lecon10.pdf', 'pdf', '2015-01-05 16:52:39', '2015-01-05 16:52:39', 3, 71, 0),
(384, 'MV3 Leçon11', 'scores/Formation_Musicale/1/3/MV3_Lecon11.pdf', 'pdf', '2015-01-05 16:54:44', '2015-01-05 16:54:44', 3, 71, 0),
(385, 'MV3 Leçon12', 'scores/Formation_Musicale/1/3/MV3_Lecon12.pdf', 'pdf', '2015-01-05 16:56:59', '2015-01-05 16:56:59', 3, 71, 0),
(386, 'MV3 Leçon13', 'scores/Formation_Musicale/1/3/MV3_Lecon13.pdf', 'pdf', '2015-01-05 16:58:31', '2015-01-05 16:58:31', 3, 71, 0),
(387, 'MV4 Leçon1', 'scores/Formation_Musicale/1/4/MV4_Lecon1.pdf', 'pdf', '2015-01-05 17:50:49', '2015-01-05 17:50:49', 3, 72, 0),
(388, 'MV4 Leçon2', 'scores/Formation_Musicale/1/4/MV4_Lecon2.pdf', 'pdf', '2015-01-05 17:54:57', '2015-01-05 17:54:57', 3, 72, 0),
(389, 'MV4 Leçon3', 'scores/Formation_Musicale/1/4/MV4_Lecon3.pdf', 'pdf', '2015-01-05 17:58:42', '2015-01-05 17:58:42', 3, 72, 0),
(390, 'MV4 Leçon4', 'scores/Formation_Musicale/1/4/MV4_Lecon4.pdf', 'pdf', '2015-01-05 18:02:47', '2015-01-05 18:02:47', 3, 72, 0),
(391, 'MV4 Leçon5', 'scores/Formation_Musicale/1/4/MV4_Lecon5.pdf', 'pdf', '2015-01-05 18:16:31', '2015-01-05 18:16:31', 3, 72, 0),
(392, 'MV4 Leçon6', 'scores/Formation_Musicale/1/4/MV4_Lecon6.pdf', 'pdf', '2015-01-05 18:17:25', '2015-01-05 18:17:25', 3, 72, 0),
(393, 'MV4 Leçon7', 'scores/Formation_Musicale/1/4/MV4_Lecon7.pdf', 'pdf', '2015-01-05 18:18:33', '2015-01-05 18:18:33', 3, 72, 0),
(394, 'MV4 Leçon8', 'scores/Formation_Musicale/1/4/MV4_Lecon8.pdf', 'pdf', '2015-01-05 18:19:58', '2015-01-05 18:19:58', 3, 72, 0),
(395, 'MV4 Leçon9', 'scores/Formation_Musicale/1/4/MV4_Lecon9.pdf', 'pdf', '2015-01-05 19:34:10', '2015-01-05 19:34:10', 3, 72, 0),
(396, 'MV4 Leçon10', 'scores/Formation_Musicale/1/4/MV4_Lecon10.pdf', 'pdf', '2015-01-05 19:35:15', '2015-01-05 19:35:15', 3, 72, 0),
(397, 'MV4 Leçon11', 'scores/Formation_Musicale/1/4/MV4_Lecon11.pdf', 'pdf', '2015-01-05 19:36:37', '2015-01-05 19:36:37', 3, 72, 0),
(398, 'MV4 Leçon12', 'scores/Formation_Musicale/1/4/MV4_Lecon12.pdf', 'pdf', '2015-01-05 19:37:29', '2015-01-05 19:37:29', 3, 72, 0),
(399, 'MV4 Leçon13', 'scores/Formation_Musicale/1/4/MV4_Lecon13.pdf', 'pdf', '2015-01-05 19:38:19', '2015-01-05 19:38:19', 3, 72, 0),
(400, 'MV4 Leçon14', 'scores/Formation_Musicale/1/4/MV4_Lecon14.pdf', 'pdf', '2015-01-05 19:39:10', '2015-01-05 19:39:10', 3, 72, 0),
(401, 'MV4 Leçon15', 'scores/Formation_Musicale/1/4/MV4_Lecon15.pdf', 'pdf', '2015-01-05 19:40:12', '2015-01-05 19:40:12', 3, 72, 0),
(402, 'MV4 Leçon16', 'scores/Formation_Musicale/1/4/MV4_Lecon16.pdf', 'pdf', '2015-01-05 19:41:12', '2015-01-05 19:41:12', 3, 72, 0),
(403, 'MV4 Leçon17', 'scores/Formation_Musicale/1/4/MV4_Lecon17.pdf', 'pdf', '2015-01-05 19:42:00', '2015-01-05 19:42:00', 3, 72, 0),
(404, 'MV4 Leçon18', 'scores/Formation_Musicale/1/4/MV4_Lecon18.pdf', 'pdf', '2015-01-05 19:42:49', '2015-01-05 19:42:49', 3, 72, 0),
(405, 'MV4 Leçon19', 'scores/Formation_Musicale/1/4/MV4_Lecon19.pdf', 'pdf', '2015-01-05 19:43:43', '2015-01-05 19:43:43', 3, 72, 0),
(406, 'MV4 Leçon20', 'scores/Formation_Musicale/1/4/MV4_Lecon20.pdf', 'pdf', '2015-01-05 19:44:38', '2015-01-05 19:44:38', 3, 72, 0),
(407, 'MV4 Leçon21', 'scores/Formation_Musicale/1/4/MV4_Lecon21.pdf', 'pdf', '2015-01-05 19:46:15', '2015-01-05 19:46:15', 3, 72, 0),
(408, 'MV4 Leçon22', 'scores/Formation_Musicale/1/4/MV4_Lecon22.pdf', 'pdf', '2015-01-05 19:47:09', '2015-01-05 19:47:09', 3, 72, 0),
(409, 'MV4 Leçon23', 'scores/Formation_Musicale/1/4/MV4_Lecon23.pdf', 'pdf', '2015-01-05 19:48:02', '2015-01-05 19:48:02', 3, 72, 0),
(410, 'MV4 Leçon24', 'scores/Formation_Musicale/1/4/MV4_Lecon24.pdf', 'pdf', '2015-01-05 19:48:59', '2015-01-05 19:48:59', 3, 72, 0),
(411, 'MV4 Leçon25', 'scores/Formation_Musicale/1/4/MV4_Lecon25.pdf', 'pdf', '2015-01-05 19:51:18', '2015-01-05 19:51:18', 3, 72, 0),
(412, 'JDC4 Leçon1', 'scores/Formation_Musicale/1/4/JDC4_Lecon1.pdf', 'pdf', '2015-01-05 19:52:15', '2015-01-05 19:52:15', 3, 72, 0),
(413, 'JDC4 Leçon2', 'scores/Formation_Musicale/1/4/JDC4_Lecon2.pdf', 'pdf', '2015-01-05 19:52:51', '2015-01-05 19:52:51', 3, 72, 0),
(414, 'JDC4 Leçon3', 'scores/Formation_Musicale/1/4/JDC4_Lecon3.pdf', 'pdf', '2015-01-05 19:54:23', '2015-01-05 19:54:23', 3, 72, 0),
(415, 'JDC4 Leçon5', 'scores/Formation_Musicale/1/4/JDC4_Lecon5.pdf', 'pdf', '2015-01-05 19:55:02', '2015-01-05 19:55:02', 3, 72, 0),
(416, 'JDC4 Leçon4', 'scores/Formation_Musicale/1/4/JDC4_Lecon4.pdf', 'pdf', '2015-01-05 19:55:44', '2015-01-05 19:55:44', 3, 72, 0),
(417, 'JDC4 Leçon6', 'scores/Formation_Musicale/1/4/JDC4_Lecon6.pdf', 'pdf', '2015-01-05 19:56:48', '2015-01-05 19:56:48', 3, 72, 0),
(418, 'JDC4 Leçon7', 'scores/Formation_Musicale/1/4/JDC4_Lecon7.pdf', 'pdf', '2015-01-05 19:58:08', '2015-01-05 19:58:08', 3, 72, 0),
(419, 'JDC4 Leçon8', 'scores/Formation_Musicale/1/4/JDC4_Lecon8.pdf', 'pdf', '2015-01-05 19:59:18', '2015-01-05 19:59:18', 3, 72, 0),
(420, 'JDC4 Leçon9', 'scores/Formation_Musicale/1/4/JDC4_Lecon9.pdf', 'pdf', '2015-01-05 20:00:36', '2015-01-05 20:00:36', 3, 72, 0),
(421, 'JDC4 Leçon10', 'scores/Formation_Musicale/1/4/JDC4_Lecon10.pdf', 'pdf', '2015-01-05 20:01:13', '2015-01-05 20:01:13', 3, 72, 0),
(422, 'JDC4 Leçon11', 'scores/Formation_Musicale/1/4/JDC4_Lecon11.pdf', 'pdf', '2015-01-05 23:39:31', '2015-01-05 23:39:31', 3, 72, 0),
(423, 'JDC4 Leçon12', 'scores/Formation_Musicale/1/4/JDC4_Lecon12.pdf', 'pdf', '2015-01-05 23:40:09', '2015-01-05 23:40:09', 3, 72, 0),
(424, 'JDC4 Leçon13', 'scores/Formation_Musicale/1/4/JDC4_Lecon13.pdf', 'pdf', '2015-01-05 23:40:43', '2015-01-05 23:40:43', 3, 72, 0),
(425, 'JDC4 Leçon14', 'scores/Formation_Musicale/1/4/JDC4_Lecon14.pdf', 'pdf', '2015-01-05 23:41:21', '2015-01-05 23:41:21', 3, 72, 0),
(426, 'JDC4 Leçon15', 'scores/Formation_Musicale/1/4/JDC4_Lecon15.pdf', 'pdf', '2015-01-05 23:41:57', '2015-01-05 23:41:57', 3, 72, 0),
(427, 'JDC4 Leçon16', 'scores/Formation_Musicale/1/4/JDC4_Lecon16.pdf', 'pdf', '2015-01-05 23:42:32', '2015-01-05 23:42:32', 3, 72, 0),
(428, 'JDC4 Leçon17', 'scores/Formation_Musicale/1/4/JDC4_Lecon17.pdf', 'pdf', '2015-01-05 23:43:10', '2015-01-05 23:43:10', 3, 72, 0),
(429, 'JDC4 Leçon18', 'scores/Formation_Musicale/1/4/JDC4_Lecon18.pdf', 'pdf', '2015-01-05 23:43:56', '2015-01-05 23:43:56', 3, 72, 0),
(430, 'JDC4 Leçon19', 'scores/Formation_Musicale/1/4/JDC4_Lecon19.pdf', 'pdf', '2015-01-05 23:44:53', '2015-01-05 23:44:53', 3, 72, 0),
(431, 'JDR4 Leçon1', 'scores/Formation_Musicale/1/4/JDR4_Lecon1.pdf', 'pdf', '2015-01-05 23:46:21', '2015-01-05 23:46:21', 3, 72, 0),
(432, 'JDR4 Leçon2', 'scores/Formation_Musicale/1/4/JDR4_Lecon2.pdf', 'pdf', '2015-01-05 23:47:24', '2015-01-05 23:47:24', 3, 72, 0),
(433, 'JDR4 Leçon4', 'scores/Formation_Musicale/1/4/JDR4_Lecon4.pdf', 'pdf', '2015-01-05 23:48:07', '2015-01-05 23:48:07', 3, 72, 0),
(434, 'JDR4 Leçon3', 'scores/Formation_Musicale/1/4/JDR4_Lecon3.pdf', 'pdf', '2015-01-05 23:49:17', '2015-01-05 23:49:17', 3, 72, 0),
(435, 'JDR4 Leçon5', 'scores/Formation_Musicale/1/4/JDR4_Lecon5.pdf', 'pdf', '2015-01-05 23:50:09', '2015-01-05 23:50:09', 3, 72, 0),
(436, 'MV3 Leçon25', 'scores/Formation_Musicale/1/3/MV3_Lecon25.pdf', 'pdf', '2015-01-05 23:53:30', '2015-01-05 23:53:30', 3, 71, 0),
(437, 'MV3 Leçon24', 'scores/Formation_Musicale/1/3/MV3_Lecon24.pdf', 'pdf', '2015-01-05 23:55:41', '2015-01-05 23:55:41', 3, 71, 0),
(438, 'MV3 Leçon23', 'scores/Formation_Musicale/1/3/MV3_Lecon23.pdf', 'pdf', '2015-01-05 23:57:40', '2015-01-05 23:57:40', 3, 71, 0),
(439, 'MV3 Leçon22', 'scores/Formation_Musicale/1/3/MV3_Lecon22.pdf', 'pdf', '2015-01-05 23:58:47', '2015-01-05 23:58:47', 3, 71, 0),
(440, 'MV3 Leçon21', 'scores/Formation_Musicale/1/3/MV3_Lecon21.pdf', 'pdf', '2015-01-06 00:00:21', '2015-01-06 00:00:21', 3, 71, 0),
(441, 'MV3 Leçon20', 'scores/Formation_Musicale/1/3/MV3_Lecon20.pdf', 'pdf', '2015-01-06 00:01:46', '2015-01-06 00:01:46', 3, 71, 0),
(442, 'MV3 Leçon19', 'scores/Formation_Musicale/1/3/MV3_Lecon19.pdf', 'pdf', '2015-01-06 00:03:16', '2015-01-06 00:03:16', 3, 71, 0),
(443, 'MV3 Leçon18', 'scores/Formation_Musicale/1/3/MV3_Lecon18.pdf', 'pdf', '2015-01-06 00:04:23', '2015-01-06 00:04:23', 3, 71, 0),
(444, 'MV3 Leçon17', 'scores/Formation_Musicale/1/3/MV3_Lecon17.pdf', 'pdf', '2015-01-06 00:05:30', '2015-01-06 00:05:30', 3, 71, 0),
(445, 'MV3 Leçon16', 'scores/Formation_Musicale/1/3/MV3_Lecon16.pdf', 'pdf', '2015-01-06 00:06:32', '2015-01-06 00:06:32', 3, 71, 0),
(446, 'MV3 Leçon15', 'scores/Formation_Musicale/1/3/MV3_Lecon15.pdf', 'pdf', '2015-01-06 00:07:41', '2015-01-06 00:07:41', 3, 71, 0),
(447, 'MV3 Leçon14', 'scores/Formation_Musicale/1/3/MV3_Lecon14.pdf', 'pdf', '2015-01-06 00:10:28', '2015-01-06 00:10:28', 3, 71, 0),
(448, 'JDR4 Leçon6', 'scores/Formation_Musicale/1/4/JDR4_Lecon6.pdf', 'pdf', '2015-01-06 00:12:27', '2015-01-06 00:12:27', 3, 72, 0),
(449, 'JDR4 Leçon7', 'scores/Formation_Musicale/1/4/JDR4_Lecon7.pdf', 'pdf', '2015-01-06 00:13:32', '2015-01-06 00:13:32', 3, 72, 0),
(450, 'JDR4 Leçon8', 'scores/Formation_Musicale/1/4/JDR4_Lecon8.pdf', 'pdf', '2015-01-06 00:14:17', '2015-01-06 00:14:17', 3, 72, 0),
(451, 'JDR4 Leçon9', 'scores/Formation_Musicale/1/4/JDR4_Lecon9.pdf', 'pdf', '2015-01-06 00:14:53', '2015-01-06 00:14:53', 3, 72, 0),
(452, 'JDR4 Leçon10', 'scores/Formation_Musicale/1/4/JDR4_Lecon10.pdf', 'pdf', '2015-01-06 00:15:33', '2015-01-06 00:15:33', 3, 72, 0),
(453, 'JDR4 Leçon11', 'scores/Formation_Musicale/1/4/JDR4_Lecon11.pdf', 'pdf', '2015-01-06 00:16:36', '2015-01-06 00:16:36', 3, 72, 0),
(454, 'JDR4 Leçon12', 'scores/Formation_Musicale/1/4/JDR4_Lecon12.pdf', 'pdf', '2015-01-06 00:17:17', '2015-01-06 00:17:17', 3, 72, 0),
(455, 'JDR4 Leçon13', 'scores/Formation_Musicale/1/4/JDR4_Lecon13.pdf', 'pdf', '2015-01-06 00:18:06', '2015-01-06 00:18:06', 3, 72, 0),
(456, 'JDR4 Leçon14', 'scores/Formation_Musicale/1/4/JDR4_Lecon14.pdf', 'pdf', '2015-01-06 00:18:43', '2015-01-06 00:18:43', 3, 72, 0),
(457, 'JDR4 Leçon15', 'scores/Formation_Musicale/1/4/JDR4_Lecon15.pdf', 'pdf', '2015-01-06 00:19:24', '2015-01-06 00:19:24', 3, 72, 0),
(458, 'JDR4 Leçon16', 'scores/Formation_Musicale/1/4/JDR4_Lecon16.pdf', 'pdf', '2015-01-06 00:20:29', '2015-01-06 00:20:29', 3, 72, 0),
(459, 'JDR4 Leçon17', 'scores/Formation_Musicale/1/4/JDR4_Lecon17.pdf', 'pdf', '2015-01-06 00:21:19', '2015-01-06 00:21:19', 3, 72, 0),
(460, 'JDR4 Leçon18', 'scores/Formation_Musicale/1/4/JDR4_Lecon18.pdf', 'pdf', '2015-01-06 00:22:10', '2015-01-06 00:22:10', 3, 72, 0),
(461, 'JDR4 Leçon19', 'scores/Formation_Musicale/1/4/JDR4_Lecon19.pdf', 'pdf', '2015-01-06 00:22:49', '2015-01-06 00:22:49', 3, 72, 0),
(462, 'JDR4 Leçon20', 'scores/Formation_Musicale/1/4/JDR4_Lecon20.pdf', 'pdf', '2015-01-06 00:23:46', '2015-01-06 00:23:46', 3, 72, 0),
(463, 'JDR4 Leçon21', 'scores/Formation_Musicale/1/4/JDR4_Lecon21.pdf', 'pdf', '2015-01-06 00:25:03', '2015-01-06 00:25:03', 3, 72, 0),
(464, 'JDR4 Leçon22', 'scores/Formation_Musicale/1/4/JDR4_Lecon22.pdf', 'pdf', '2015-01-06 00:26:03', '2015-01-06 00:26:03', 3, 72, 0),
(465, 'JDR4 Leçon23', 'scores/Formation_Musicale/1/4/JDR4_Lecon23.pdf', 'pdf', '2015-01-06 00:27:27', '2015-01-06 00:27:27', 3, 72, 0),
(466, 'JDR4 Leçon24', 'scores/Formation_Musicale/1/4/JDR4_Lecon24.pdf', 'pdf', '2015-01-06 00:28:11', '2015-01-06 00:28:11', 3, 72, 0),
(467, 'La théorie en musique - Sommaire', 'scores/Theorie_de_la_musique/1/1/La_theorie_en_musique_-_Sommaire.pdf', 'pdf', '2015-01-06 00:56:13', '2015-01-06 00:56:13', 3, 80, 0),
(468, 'La théorie en musique - P5 - Portée', 'scores/Theorie_de_la_musique/1/1/La_theorie_en_musique_-_P5_-_Portee.pdf', 'pdf', '2015-01-06 00:57:01', '2015-01-06 00:57:01', 3, 80, 0),
(469, 'La théorie en musique - P6 et 7 - Clés', 'scores/Theorie_de_la_musique/1/1/La_theorie_en_musique_-_P6_et_7_-_Cles.pdf', 'pdf', '2015-01-06 00:58:04', '2015-01-06 00:58:04', 3, 80, 0),
(470, 'La théorie en musique - P8 - Noms des Notes', 'scores/Theorie_de_la_musique/1/1/La_theorie_en_musique_-_P8_-_Noms_des_Notes.pdf', 'pdf', '2015-01-06 00:59:08', '2015-01-06 00:59:08', 3, 80, 0),
(471, 'La théorie en musique - P9 - Figures de Notes', 'scores/Theorie_de_la_musique/1/1/La_theorie_en_musique_-_P9_-_Figures_de_Notes.pdf', 'pdf', '2015-01-06 00:59:59', '2015-01-06 00:59:59', 3, 80, 0),
(472, 'La théorie en musique - P10 - Silences', 'scores/Theorie_de_la_musique/1/1/La_theorie_en_musique_-_P10_-_Silences.pdf', 'pdf', '2015-01-06 01:00:53', '2015-01-06 01:00:53', 3, 80, 0),
(473, 'La théorie en musique - P11 et 12 - Mesure et Temps', 'scores/Theorie_de_la_musique/1/1/La_theorie_en_musique_-_P11_et_12_-_Mesure_et_Temps.pdf', 'pdf', '2015-01-06 01:02:35', '2015-01-06 01:02:35', 3, 80, 0),
(474, 'La théorie en musique - P13 - Chiffres indicateurs', 'scores/Theorie_de_la_musique/1/1/La_theorie_en_musique_-_P13_-_Chiffres_indicateurs.pdf', 'pdf', '2015-01-06 01:03:51', '2015-01-06 01:03:51', 3, 80, 0),
(475, 'La théorie en musique - P14 - Mesures binaires et ternaires', 'scores/Theorie_de_la_musique/1/1/La_theorie_en_musique_-_P14_-_Mesures_binaires_et_ternaires.pdf', 'pdf', '2015-01-06 08:26:34', '2015-01-06 08:26:34', 3, 80, 0),
(476, 'La théorie en musique - P15 - Altérations', 'scores/Theorie_de_la_musique/1/1/La_theorie_en_musique_-_P15_-_Alterations.pdf', 'pdf', '2015-01-06 08:27:31', '2015-01-06 08:27:31', 3, 80, 0),
(477, 'La théorie en musique - P16 - Armure et Altérations accidentelles', 'scores/Theorie_de_la_musique/1/1/La_theorie_en_musique_-_P16_-_Armure_et_Alterations_accidentelles.pdf', 'pdf', '2015-01-06 08:30:48', '2015-01-06 08:30:48', 3, 80, 0),
(478, 'La théorie en musique - P17 - Altération de précaution', 'scores/Theorie_de_la_musique/1/1/La_theorie_en_musique_-_P17_-_Alteration_de_precaution.pdf', 'pdf', '2015-01-06 12:46:40', '2015-01-06 12:46:40', 3, 80, 0),
(479, 'La théorie en musique - P18 - Ordre des dièses et des bémols', 'scores/Theorie_de_la_musique/1/1/La_theorie_en_musique_-_P18_-_Ordre_des_dieses_et_des_bemols.pdf', 'pdf', '2015-01-06 12:47:41', '2015-01-06 12:47:41', 3, 80, 0),
(480, 'La théorie en musique - P19 - Ton et demi ton', 'scores/Theorie_de_la_musique/1/1/La_theorie_en_musique_-_P19_-_Ton_et_demi_ton.pdf', 'pdf', '2015-01-06 12:48:40', '2015-01-06 12:48:40', 3, 80, 0),
(481, 'La théorie en musique - P20 - Enharmonie', 'scores/Theorie_de_la_musique/1/1/La_theorie_en_musique_-_P20_-_Enharmonie.pdf', 'pdf', '2015-01-06 12:50:15', '2015-01-06 12:50:15', 3, 80, 0),
(482, 'La théorie en musique - P21 et 22 - Degrés', 'scores/Theorie_de_la_musique/1/1/La_theorie_en_musique_-_P21_et_22_-_Degres.pdf', 'pdf', '2015-01-06 12:51:41', '2015-01-06 12:51:41', 3, 80, 0),
(483, 'La théorie en musique - P30 et 31 - Mode majeur et mineur', 'scores/Theorie_de_la_musique/1/1/La_theorie_en_musique_-_P30_et_31_-_Mode_majeur_et_mineur.pdf', 'pdf', '2015-01-06 12:55:59', '2015-01-06 12:55:59', 3, 80, 0),
(484, 'La théorie en musique - P32 à 35 - Tonalités', 'scores/Theorie_de_la_musique/1/1/La_theorie_en_musique_-_P32_a_35_-_Tonalites.pdf', 'pdf', '2015-01-06 12:57:32', '2015-01-06 12:57:32', 3, 80, 0),
(485, 'La théorie en musique - P36 - Modulations', 'scores/Theorie_de_la_musique/1/1/La_theorie_en_musique_-_P36_-_Modulations.pdf', 'pdf', '2015-01-06 12:58:17', '2015-01-06 12:58:17', 3, 80, 0),
(486, 'La théorie en musique - P37 - Tonalités voisines', 'scores/Theorie_de_la_musique/1/1/La_theorie_en_musique_-_P37_-_Tonalites_voisines.pdf', 'pdf', '2015-01-06 12:59:12', '2015-01-06 12:59:12', 3, 80, 0),
(487, 'La théorie en musique - P38 - Différentes formes gamme mineure', 'scores/Theorie_de_la_musique/1/1/La_theorie_en_musique_-_P38_-_Differentes_formes_gamme_mineure.pdf', 'pdf', '2015-01-06 13:00:23', '2015-01-06 13:00:23', 3, 80, 0),
(488, 'La théorie en musique - P39 - Transposition', 'scores/Theorie_de_la_musique/1/1/La_theorie_en_musique_-_P39_-_Transposition.pdf', 'pdf', '2015-01-06 13:01:21', '2015-01-06 13:01:21', 3, 80, 0),
(489, 'La théorie en musique - P40 - Gamme chromatique', 'scores/Theorie_de_la_musique/1/1/La_theorie_en_musique_-_P40_-_Gamme_chromatique.pdf', 'pdf', '2015-01-06 13:02:29', '2015-01-06 13:02:29', 3, 80, 0),
(490, 'La théorie en musique - P41 et 42 - Accords parfaits et arpèges', 'scores/Theorie_de_la_musique/1/1/La_theorie_en_musique_-_P41_et_42_-_Accords_parfaits_et_arpeges.pdf', 'pdf', '2015-01-06 13:07:53', '2015-01-06 13:07:53', 3, 80, 0),
(491, 'La théorie en musique - P43 - Chiffrage Accords', 'scores/Theorie_de_la_musique/1/1/La_theorie_en_musique_-_P43_-_Chiffrage_Accords.pdf', 'pdf', '2015-01-06 13:08:34', '2015-01-06 13:08:34', 3, 80, 0),
(492, 'La théorie en musique - P44 et 45 - Degrés Accords et chiffrage avec altération', 'scores/Theorie_de_la_musique/1/1/La_theorie_en_musique_-_P44_et_45_-_Degres_Accords_et_chiffrage_avec_alteration.pdf', 'pdf', '2015-01-06 13:09:46', '2015-01-06 13:09:46', 3, 80, 0),
(493, 'La théorie en musique - P46 et 47 - Accords de 7eme dominante', 'scores/Theorie_de_la_musique/1/1/La_theorie_en_musique_-_P46_et_47_-_Accords_de_7eme_dominante.pdf', 'pdf', '2015-01-06 13:10:51', '2015-01-06 13:10:51', 3, 80, 0),
(494, 'La théorie en musique - P48 - Autre notation Accords', 'scores/Theorie_de_la_musique/1/1/La_theorie_en_musique_-_P48_-_Autre_notation_Accords.pdf', 'pdf', '2015-01-06 13:11:32', '2015-01-06 13:11:32', 3, 80, 0),
(495, 'La théorie en musique - Lexique', 'scores/Theorie_de_la_musique/1/1/La_theorie_en_musique_-_Lexique.pdf', 'pdf', '2015-01-06 13:14:42', '2015-01-06 13:14:42', 3, 80, 0),
(496, 'ItalianBook - Flute', 'scores/Flute_Traversiere/4/1/ItalianBook_-_Flute.pdf', 'pdf', '2015-01-08 14:22:35', '2015-01-08 14:22:35', 3, 2, 0),
(497, 'ItalianBook - Clarinette Sib1', 'scores/Clarinette_Sib/4/1/ItalianBook_-_Clarinette_Sib1.pdf', 'pdf', '2015-01-08 14:24:38', '2015-01-08 14:24:38', 3, 5, 0),
(498, 'ItalianBook - Clarinette Sib2', 'scores/Clarinette_Sib/4/1/ItalianBook_-_Clarinette_Sib2.pdf', 'pdf', '2015-01-08 14:26:37', '2015-01-08 14:26:37', 3, 5, 0),
(499, 'ItalianBook - Basse Sib', 'scores/Basse_Sib_et_Mib_/4/1/ItalianBook_-_Basse_Sib.pdf', 'pdf', '2015-01-08 14:28:25', '2015-01-08 14:28:25', 3, 29, 0),
(500, 'ItalianBook - Sax alto', 'scores/Saxophone_Alto/4/1/ItalianBook_-_Sax_alto.pdf', 'pdf', '2015-01-08 14:30:06', '2015-01-08 14:30:06', 3, 9, 0),
(501, 'ItalianBook - Sax baryton', 'scores/Saxophone_Baryton/4/1/ItalianBook_-_Sax_baryton.pdf', 'pdf', '2015-01-08 14:31:58', '2015-01-08 14:31:58', 3, 23, 0),
(502, 'ItalianBook - Basse Mib', 'scores/Basse_Sib_et_Mib_/4/1/ItalianBook_-_Basse_Mib.pdf', 'pdf', '2015-01-08 14:33:53', '2015-01-08 14:33:53', 3, 29, 0),
(503, 'ItalianBook - Sax soprano', 'scores/Saxophone_Soprano/4/1/ItalianBook_-_Sax_soprano.pdf', 'pdf', '2015-01-08 14:37:31', '2015-01-08 14:37:31', 3, 81, 0),
(504, 'ItalianBook - Cor Mib1', 'scores/Cor/4/1/ItalianBook_-_Cor_Mib1.pdf', 'pdf', '2015-01-08 14:41:08', '2015-01-08 14:41:08', 3, 6, 0),
(505, 'ItalianBook - Cor Mib2', 'scores/Cor/4/1/ItalianBook_-_Cor_Mib2.pdf', 'pdf', '2015-01-08 14:43:06', '2015-01-08 14:43:06', 3, 6, 0),
(506, 'ItalianBook - Cor Fa1', 'scores/Cor/4/1/ItalianBook_-_Cor_Fa1.pdf', 'pdf', '2015-01-08 14:44:34', '2015-01-08 14:44:34', 3, 6, 0),
(507, 'ItalianBook - Cor Fa2', 'scores/Cor/4/1/ItalianBook_-_Cor_Fa2.pdf', 'pdf', '2015-01-08 14:46:49', '2015-01-08 14:46:49', 3, 6, 0),
(508, 'ItalianBook - Sax ténor', 'scores/Saxophone_Tenor/4/1/ItalianBook_-_Sax_tenor.pdf', 'pdf', '2015-01-08 14:48:31', '2015-01-08 14:48:31', 3, 10, 0),
(509, 'ItalianBook - Trompette Sib1', 'scores/Trompette/4/1/ItalianBook_-_Trompette_Sib1.pdf', 'pdf', '2015-01-08 14:50:23', '2015-01-08 14:50:23', 3, 12, 0),
(510, 'ItalianBook - Trompette Sib2', 'scores/Trompette/4/1/ItalianBook_-_Trompette_Sib2.pdf', 'pdf', '2015-01-08 14:52:27', '2015-01-08 14:52:27', 3, 12, 0),
(511, 'ItalianBook - Trombone Ut1', 'scores/Trombone/4/1/ItalianBook_-_Trombone_Ut1.pdf', 'pdf', '2015-01-08 14:56:04', '2015-01-08 14:56:04', 3, 11, 0),
(512, 'ItalianBook - Trombone Ut2', 'scores/Trombone/4/1/ItalianBook_-_Trombone_Ut2.pdf', 'pdf', '2015-01-08 14:57:25', '2015-01-08 14:57:25', 3, 11, 0),
(513, 'ItalianBook - Euphonium Sib', 'scores/Tuba/4/1/ItalianBook_-_Euphonium_Sib.pdf', 'pdf', '2015-01-08 14:59:38', '2015-01-08 14:59:38', 3, 13, 0),
(514, 'ItalianBook - Batterie', 'scores/Batterie/4/1/ItalianBook_-_Batterie.pdf', 'pdf', '2015-01-08 15:00:59', '2015-01-08 15:00:59', 3, 3, 0),
(515, 'Against All Odds - Tuba Sib', 'scores/Tuba/4/1/Against_All_Odds_-_Tuba_Sib.pdf', 'pdf', '2015-01-08 15:07:03', '2015-01-08 15:07:03', 3, 13, 0),
(516, 'Against All Odds - Euphonium Sib', 'scores/Basse_Sib_et_Mib_/4/1/Against_All_Odds_-_Euphonium_Sib.pdf', 'pdf', '2015-01-08 15:09:18', '2015-01-08 15:09:18', 3, 29, 0),
(517, 'Dance Into The Light - Tuba Sib', 'scores/Tuba/4/1/Dance_Into_The_Light_-_Tuba_Sib.pdf', 'pdf', '2015-01-08 15:16:14', '2015-01-08 15:16:14', 3, 13, 0),
(518, 'Dance Into The Light - Tuba Mib', 'scores/Basse_Sib_et_Mib_/4/1/Dance_Into_The_Light_-_Tuba_Mib.pdf', 'pdf', '2015-01-08 15:17:09', '2015-01-08 15:17:09', 3, 29, 0),
(519, 'Dance Into The Light - Tuba Ut', 'scores/Basse_Ut/4/1/Dance_Into_The_Light_-_Tuba_Ut.pdf', 'pdf', '2015-01-08 15:17:55', '2015-01-08 15:17:55', 3, 78, 0),
(520, 'Dance Into The Light - Tuba Sib', 'scores/Basse_Sib_et_Mib_/4/1/Dance_Into_The_Light_-_Tuba_Sib.pdf', 'pdf', '2015-01-09 08:35:40', '2015-01-09 08:35:40', 3, 29, 0),
(521, 'Against All Odds - Tuba Mib', 'scores/Basse_Sib_et_Mib_/4/1/Against_All_Odds_-_Tuba_Mib.pdf', 'pdf', '2015-01-09 08:41:54', '2015-01-09 08:41:54', 3, 29, 0),
(522, 'AlpiniItaliani - Euphonium Sib', 'scores/Basse_Sib_et_Mib_/4/1/AlpiniItaliani_-_Euphonium_Sib.pdf', 'pdf', '2015-01-09 08:46:21', '2015-01-09 08:46:21', 3, 29, 0),
(523, 'LaFotografia - Euphonium Sib', 'scores/Basse_Sib_et_Mib_/4/1/LaFotografia_-_Euphonium_Sib.pdf', 'pdf', '2015-01-09 08:48:58', '2015-01-09 08:48:58', 3, 29, 0),
(524, 'Sapore d''Estate - Basse Sib', 'scores/Basse_Sib_et_Mib_/4/1/Sapore_d''Estate_-_Basse_Sib.pdf', 'pdf', '2015-01-09 08:52:32', '2015-01-09 08:52:32', 3, 29, 0),
(525, 'Sogno di primavera - Basse Sib', 'scores/Basse_Sib_et_Mib_/4/1/Sogno_di_primavera_-_Basse_Sib.pdf', 'pdf', '2015-01-09 08:55:13', '2015-01-09 08:55:13', 3, 29, 0),
(526, 'LaDamaDelVento - Basse Mib et Sib', 'scores/Basse_Sib_et_Mib_/4/1/LaDamaDelVento_-_Basse_Mib_et_Sib.pdf', 'pdf', '2015-01-09 08:59:15', '2015-01-09 08:59:15', 3, 29, 0),
(527, 'ItalianBook - Basse Ut', 'scores/Basse_Ut/4/1/ItalianBook_-_Basse_Ut.pdf', 'pdf', '2015-01-09 09:01:26', '2015-01-09 09:01:26', 3, 78, 0),
(528, 'Against All Odds - Tuba Ut', 'scores/Basse_Ut/4/1/Against_All_Odds_-_Tuba_Ut.pdf', 'pdf', '2015-01-09 09:02:33', '2015-01-09 09:02:33', 3, 78, 0),
(529, 'La Strada - Basse Sib', 'scores/Basse_Sib_et_Mib_/4/1/La_Strada_-_Basse_Sib.pdf', 'pdf', '2015-01-09 09:04:50', '2015-01-09 09:04:50', 3, 29, 0),
(530, 'La Strada - Contrebasse Sib', 'scores/Basse_Sib_et_Mib_/4/1/La_Strada_-_Contrebasse_Sib.pdf', 'pdf', '2015-01-09 09:05:45', '2015-01-09 09:05:45', 3, 29, 0),
(531, 'La strada - Contrebasse Mib', 'scores/Basse_Sib_et_Mib_/4/1/La_strada_-_Contrebasse_Mib.pdf', 'pdf', '2015-01-09 09:07:04', '2015-01-09 09:07:04', 3, 29, 0),
(532, 'AlpiniItaliani - Caisse claire, cymbale, Grosse caisse', 'scores/Percussion_-_Accessoires/4/1/AlpiniItaliani_-_Caisse_claire,_cymbale,_Grosse_caisse.pdf', 'pdf', '2015-01-09 09:09:16', '2015-01-09 09:09:16', 3, 30, 0),
(533, 'LaFotografia - Caisse claire, cymbale', 'scores/Percussion_-_Accessoires/4/1/LaFotografia_-_Caisse_claire,_cymbale.pdf', 'pdf', '2015-01-09 09:11:18', '2015-01-09 09:11:18', 3, 30, 0),
(534, 'AlpiniItaliani - Bugle Sib 1 et 2.pdf', 'scores/Bugle/4/1/AlpiniItaliani_-_Bugle_Sib_1_et_2.pdf.pdf', 'pdf', '2015-01-09 09:13:42', '2015-01-09 09:13:42', 3, 32, 0),
(535, 'Against All Odds - Bugle Sib', 'scores/Bugle/4/1/Against_All_Odds_-_Bugle_Sib.pdf', 'pdf', '2015-01-09 09:14:31', '2015-01-09 09:14:31', 3, 32, 0),
(536, 'Dance Into The Light - bugle', 'scores/Bugle/4/1/Dance_Into_The_Light_-_bugle.pdf', 'pdf', '2015-01-09 09:15:12', '2015-01-09 09:15:12', 3, 32, 0),
(537, 'La Strada - Bugle Sib 1', 'scores/Bugle/4/1/La_Strada_-_Bugle_Sib_1.pdf', 'pdf', '2015-01-09 09:15:45', '2015-01-09 09:15:45', 3, 32, 0),
(538, 'La Strada - Bugle Sib 2', 'scores/Bugle/4/1/La_Strada_-_Bugle_Sib_2.pdf', 'pdf', '2015-01-09 09:16:11', '2015-01-09 09:16:11', 3, 32, 0),
(539, 'Sogno di primavera - Bugle Sib 1', 'scores/Bugle/4/1/Sogno_di_primavera_-_Bugle_Sib_1.pdf', 'pdf', '2015-01-09 09:17:13', '2015-01-09 09:17:13', 3, 32, 0),
(540, 'Sogno di primavera - Bugle Sib 2', 'scores/Bugle/4/1/Sogno_di_primavera_-_Bugle_Sib_2.pdf', 'pdf', '2015-01-09 09:17:54', '2015-01-09 09:17:54', 3, 32, 0),
(541, 'LaVitaEBella - Bugle Sib 1', 'scores/Bugle/4/1/LaVitaEBella_-_Bugle_Sib_1.pdf', 'pdf', '2015-01-09 09:18:32', '2015-01-09 09:18:32', 3, 32, 0),
(542, 'LaVitaEBella - Bugle Sib 2', 'scores/Bugle/4/1/LaVitaEBella_-_Bugle_Sib_2.pdf', 'pdf', '2015-01-09 09:19:15', '2015-01-09 09:19:15', 3, 32, 0),
(543, 'LaDamaDelVento - Bugle Sib 1', 'scores/Bugle/4/1/LaDamaDelVento_-_Bugle_Sib_1.pdf', 'pdf', '2015-01-09 09:20:03', '2015-01-09 09:20:03', 3, 32, 0),
(544, 'LaDamaDelVento - Bugle Sib 2 et 3.pdf', 'scores/Bugle/4/1/LaDamaDelVento_-_Bugle_Sib_2_et_3.pdf.pdf', 'pdf', '2015-01-09 09:20:34', '2015-01-09 09:20:34', 3, 32, 0),
(545, 'ItalianBook - Clarinette Basse', 'scores/Clarinette_Basse/4/1/ItalianBook_-_Clarinette_Basse.pdf', 'pdf', '2015-01-09 09:27:01', '2015-01-09 09:27:01', 3, 4, 0),
(546, 'La strada - Clarinette Basse', 'scores/Clarinette_Basse/4/1/La_strada_-_Clarinette_Basse.pdf', 'pdf', '2015-01-09 09:29:48', '2015-01-09 09:29:48', 3, 4, 0),
(547, 'Sogno di primavera - Clarinette Basse', 'scores/Clarinette_Basse/4/1/Sogno_di_primavera_-_Clarinette_Basse.pdf', 'pdf', '2015-01-09 09:32:19', '2015-01-09 09:32:19', 3, 4, 0),
(548, 'AgainstAllOdds - Cor en Fa 1 et 2', 'scores/Cor/4/1/AgainstAllOdds_-_Cor_en_Fa_1_et_2.pdf', 'pdf', '2015-01-09 09:36:27', '2015-01-09 09:36:27', 3, 6, 0),
(549, 'AgainstAllOdds - Cor en Fa 3 et 4', 'scores/Cor/4/1/AgainstAllOdds_-_Cor_en_Fa_3_et_4.pdf', 'pdf', '2015-01-09 09:37:19', '2015-01-09 09:37:19', 3, 6, 0),
(550, 'AgainstAllOdds - Cor en Mib 1 et 2', 'scores/Cor/4/1/AgainstAllOdds_-_Cor_en_Mib_1_et_2.pdf', 'pdf', '2015-01-09 09:37:43', '2015-01-09 09:37:43', 3, 6, 0),
(551, 'AgainstAllOdds - Cor en Mib 3 et 4', 'scores/Cor/4/1/AgainstAllOdds_-_Cor_en_Mib_3_et_4.pdf', 'pdf', '2015-01-09 09:38:04', '2015-01-09 09:38:04', 3, 6, 0),
(552, 'AlpiniItaliani - Cor en Fa 1', 'scores/Cor/4/1/AlpiniItaliani_-_Cor_en_Fa_1.pdf', 'pdf', '2015-01-09 09:38:35', '2015-01-09 09:38:35', 3, 6, 0),
(553, 'AlpiniItaliani - Cor en Fa 2', 'scores/Cor/4/1/AlpiniItaliani_-_Cor_en_Fa_2.pdf', 'pdf', '2015-01-09 09:39:07', '2015-01-09 09:39:07', 3, 6, 0),
(554, 'AlpiniItaliani - Cor Mib 1', 'scores/Cor/4/1/AlpiniItaliani_-_Cor_Mib_1.pdf', 'pdf', '2015-01-09 09:39:36', '2015-01-09 09:39:36', 3, 6, 0),
(555, 'AlpiniItaliani - Cor Mib 2', 'scores/Cor/4/1/AlpiniItaliani_-_Cor_Mib_2.pdf', 'pdf', '2015-01-09 09:40:02', '2015-01-09 09:40:02', 3, 6, 0),
(556, 'Dance Into The Light - cor', 'scores/Cor/4/1/Dance_Into_The_Light_-_cor.pdf', 'pdf', '2015-01-09 09:41:47', '2015-01-09 09:41:47', 3, 6, 0),
(557, 'La Strada - Cor 1 en Fa', 'scores/Cor/4/1/La_Strada_-_Cor_1_en_Fa.pdf', 'pdf', '2015-01-09 09:42:09', '2015-01-09 09:42:09', 3, 6, 0),
(558, 'La Strada - Cor 2 et 3 en Fa', 'scores/Cor/4/1/La_Strada_-_Cor_2_et_3_en_Fa.pdf', 'pdf', '2015-01-09 09:42:33', '2015-01-09 09:42:33', 3, 6, 0),
(559, 'La Strada Cor 1 en Mib', 'scores/Cor/4/1/La_Strada_Cor_1_en_Mib.pdf', 'pdf', '2015-01-09 09:42:57', '2015-01-09 09:42:57', 3, 6, 0),
(560, 'La Strada - Cor 2 et 3 en Mib', 'scores/Cor/4/1/La_Strada_-_Cor_2_et_3_en_Mib.pdf', 'pdf', '2015-01-09 09:43:24', '2015-01-09 09:43:24', 3, 6, 0),
(561, 'LaDamaDelVento - Cor Fa 1 et 2', 'scores/Cor/4/1/LaDamaDelVento_-_Cor_Fa_1_et_2.pdf', 'pdf', '2015-01-09 09:43:56', '2015-01-09 09:43:56', 3, 6, 0),
(562, 'LaDamaDelVento - Cor Mib 1 et 2', 'scores/Cor/4/1/LaDamaDelVento_-_Cor_Mib_1_et_2.pdf', 'pdf', '2015-01-09 09:44:27', '2015-01-09 09:44:27', 3, 6, 0),
(563, 'LaFotografia - Cor en Fa 1', 'scores/Cor/4/1/LaFotografia_-_Cor_en_Fa_1.pdf', 'pdf', '2015-01-09 09:44:53', '2015-01-09 09:44:53', 3, 6, 0),
(564, 'LaFotografia - Cor en Fa 2', 'scores/Cor/4/1/LaFotografia_-_Cor_en_Fa_2.pdf', 'pdf', '2015-01-09 09:45:18', '2015-01-09 09:45:18', 3, 6, 0),
(565, 'LaFotografia - Cor en Mib 1', 'scores/Cor/4/1/LaFotografia_-_Cor_en_Mib_1.pdf', 'pdf', '2015-01-09 09:45:47', '2015-01-09 09:45:47', 3, 6, 0),
(566, 'LaFotografia - Cor en Mib 2', 'scores/Cor/4/1/LaFotografia_-_Cor_en_Mib_2.pdf', 'pdf', '2015-01-09 09:46:13', '2015-01-09 09:46:13', 3, 6, 0),
(567, 'LaVitaEBella - Cor en Fa 1 et 2', 'scores/Cor/4/1/LaVitaEBella_-_Cor_en_Fa_1_et_2.pdf', 'pdf', '2015-01-09 09:46:57', '2015-01-09 09:46:57', 3, 6, 0),
(568, 'LaVitaEBella  Cor Mib 1 et 2', 'scores/Cor/4/1/LaVitaEBella__Cor_Mib_1_et_2.pdf', 'pdf', '2015-01-09 09:47:23', '2015-01-09 09:47:23', 3, 6, 0),
(569, 'Sogno di primavera - Cor en Fa 1', 'scores/Cor/4/1/Sogno_di_primavera_-_Cor_en_Fa_1.pdf', 'pdf', '2015-01-09 09:48:06', '2015-01-09 09:48:06', 3, 6, 0),
(570, 'Sogno di primavera - Cor en Fa 2', 'scores/Cor/4/1/Sogno_di_primavera_-_Cor_en_Fa_2.pdf', 'pdf', '2015-01-09 09:49:02', '2015-01-09 09:49:02', 3, 6, 0),
(571, 'Sogno di primavera - Cor Mib 1', 'scores/Cor/4/1/Sogno_di_primavera_-_Cor_Mib_1.pdf', 'pdf', '2015-01-09 09:49:49', '2015-01-09 09:49:49', 3, 6, 0),
(572, 'Sogno di primavera - Cor Mib 2', 'scores/Cor/4/1/Sogno_di_primavera_-_Cor_Mib_2.pdf', 'pdf', '2015-01-09 09:50:41', '2015-01-09 09:50:41', 3, 6, 0),
(573, 'LaDamaDelVento - Flute', 'scores/Flute_Traversiere/4/1/LaDamaDelVento_-_Flute.pdf', 'pdf', '2015-01-09 09:54:55', '2015-01-09 09:54:55', 3, 2, 0),
(574, 'LaFotografia - Guitare basse', 'scores/Guitare_Basse/4/1/LaFotografia_-_Guitare_basse.pdf', 'pdf', '2015-01-09 09:58:16', '2015-01-09 09:58:16', 3, 27, 0),
(575, 'La strada - Guitare basse', 'scores/Guitare_Basse/4/1/La_strada_-_Guitare_basse.pdf', 'pdf', '2015-01-09 10:00:15', '2015-01-09 10:00:15', 3, 27, 0),
(576, 'ItalianBook - Guitare basse', 'scores/Guitare_Basse/4/1/ItalianBook_-_Guitare_basse.pdf', 'pdf', '2015-01-09 10:02:47', '2015-01-09 10:02:47', 3, 27, 0),
(577, 'LaDamaDelVento - Guitare basse', 'scores/Guitare_Basse/4/1/LaDamaDelVento_-_Guitare_basse.pdf', 'pdf', '2015-01-09 10:04:21', '2015-01-09 10:04:21', 3, 27, 0),
(578, 'LaVitaEBella - Guitare basse', 'scores/Guitare_Basse/4/1/LaVitaEBella_-_Guitare_basse.pdf', 'pdf', '2015-01-09 10:06:15', '2015-01-09 10:06:15', 3, 27, 0),
(579, 'AlpiniItaliani - Guitare basse', 'scores/Guitare_Basse/4/1/AlpiniItaliani_-_Guitare_basse.pdf', 'pdf', '2015-01-09 10:08:05', '2015-01-09 10:08:05', 3, 27, 0),
(580, 'Dance Into The Light - Saxophone Baryton', 'scores/Saxophone_Baryton/4/1/Dance_Into_The_Light_-_Saxophone_Baryton.pdf', 'pdf', '2015-01-09 10:24:54', '2015-01-09 10:24:54', 3, 23, 0),
(581, 'Sogno di primavera - Sax baryton', 'scores/Saxophone_Baryton/4/1/Sogno_di_primavera_-_Sax_baryton.pdf', 'pdf', '2015-01-09 10:27:46', '2015-01-09 10:27:46', 3, 23, 0),
(582, 'Sogno di primavera - Timpani', 'scores/Timbales/4/1/Sogno_di_primavera_-_Timpani.pdf', 'pdf', '2015-01-09 10:31:53', '2015-01-09 10:31:53', 3, 25, 0),
(583, 'Against All Odds - Timpani', 'scores/Timbales/4/1/Against_All_Odds_-_Timpani.pdf', 'pdf', '2015-01-09 10:32:35', '2015-01-09 10:32:35', 3, 25, 0),
(584, 'Dance Into The Light - Trombone', 'scores/Trombone/4/1/Dance_Into_The_Light_-_Trombone.pdf', 'pdf', '2015-01-09 10:40:33', '2015-01-09 10:40:33', 3, 11, 0),
(585, 'Against All Odds - Glockenspiel', 'scores/Xylophone/4/1/Against_All_Odds_-_Glockenspiel.pdf', 'pdf', '2015-01-09 10:43:16', '2015-01-09 10:43:16', 3, 26, 0),
(586, 'Against All Odds - Marimba, Vibraphone', 'scores/Xylophone/4/1/Against_All_Odds_-_Marimba,_Vibraphone.pdf', 'pdf', '2015-01-09 10:43:40', '2015-01-09 10:43:40', 3, 26, 0),
(587, 'Dance Into The Light - vibraphone', 'scores/Xylophone/4/1/Dance_Into_The_Light_-_vibraphone.pdf', 'pdf', '2015-01-09 10:44:18', '2015-01-09 10:44:18', 3, 26, 0),
(588, 'Sogno di primavera - Glockenspiel', 'scores/Xylophone/4/1/Sogno_di_primavera_-_Glockenspiel.pdf', 'pdf', '2015-01-09 10:45:23', '2015-01-09 10:45:23', 3, 26, 0),
(589, 'La strada - Vibraphone', 'scores/Xylophone/4/1/La_strada_-_Vibraphone.pdf', 'pdf', '2015-01-09 10:47:23', '2015-01-09 10:47:23', 3, 26, 0),
(590, 'LaVitaEBella - Vibraphone', 'scores/Xylophone/4/1/LaVitaEBella_-_Vibraphone.pdf', 'pdf', '2015-01-09 10:49:37', '2015-01-09 10:49:37', 3, 26, 0),
(591, 'ItalianBook - Vibraphone', 'scores/Xylophone/4/1/ItalianBook_-_Vibraphone.pdf', 'pdf', '2015-01-09 10:56:41', '2015-01-09 10:56:41', 3, 26, 0),
(592, 'LaDamaDelVento - Vibraphone', 'scores/Xylophone/4/1/LaDamaDelVento_-_Vibraphone.pdf', 'pdf', '2015-01-09 10:59:01', '2015-01-09 10:59:01', 3, 26, 0),
(593, 'LaFotografia - xylophone', 'scores/Xylophone/4/1/LaFotografia_-_xylophone.pdf', 'pdf', '2015-01-09 11:00:34', '2015-01-09 11:00:34', 3, 26, 0),
(594, 'AlpiniItaliani - xylophone', 'scores/Xylophone/4/1/AlpiniItaliani_-_xylophone.pdf', 'pdf', '2015-01-09 11:02:19', '2015-01-09 11:02:19', 3, 26, 0),
(597, 'Concert de gala 31 mai 2015', 'scores/Fa_Diese/4/1/Concert_de_gala_31_mai_2015.pdf', 'pdf', '2015-01-09 13:13:49', '2015-01-09 13:13:49', 3, 77, 0),
(599, 'Ciao Italia - Bariton Sib', 'scores/Basse_Sib_et_Mib_/4/1/Ciao_Italia_-_Bariton_Sib.pdf', 'pdf', '2015-01-09 13:40:15', '2015-01-09 13:40:15', 3, 29, 0),
(600, 'Ciao Italia - Basse Mib', 'scores/Basse_Sib_et_Mib_/4/1/Ciao_Italia_-_Basse_Mib.pdf', 'pdf', '2015-01-09 13:41:02', '2015-01-09 13:41:02', 3, 29, 0),
(601, 'Ciao Italia - Basse Sib', 'scores/Basse_Sib_et_Mib_/4/1/Ciao_Italia_-_Basse_Sib.pdf', 'pdf', '2015-01-09 13:42:08', '2015-01-09 13:42:08', 3, 29, 0),
(602, 'Ciao Italia - Basse Ut', 'scores/Basse_Ut/4/1/Ciao_Italia_-_Basse_Ut.pdf', 'pdf', '2015-01-09 13:42:54', '2015-01-09 13:42:54', 3, 78, 0),
(603, 'Ciao Italia - Bugle Sib', 'scores/Bugle/4/1/Ciao_Italia_-_Bugle_Sib.pdf', 'pdf', '2015-01-09 13:44:01', '2015-01-09 13:44:01', 3, 32, 0),
(604, 'Ciao Italia - Clarinette Basse', 'scores/Clarinette_Basse/4/1/Ciao_Italia_-_Clarinette_Basse.pdf', 'pdf', '2015-01-09 13:44:48', '2015-01-09 13:44:48', 3, 4, 0),
(605, 'Ciao Italia - Clarinette Sib 1,2 et 3', 'scores/Clarinette_Sib/4/1/Ciao_Italia_-_Clarinette_Sib_1,2_et_3.pdf', 'pdf', '2015-01-09 13:47:17', '2015-01-09 13:47:17', 3, 5, 0),
(606, 'Ciao Italia - Cor Fa', 'scores/Cor/4/1/Ciao_Italia_-_Cor_Fa.pdf', 'pdf', '2015-01-09 13:52:59', '2015-01-09 13:52:59', 3, 6, 0),
(607, 'Ciao Italia - Cor Mib', 'scores/Cor/4/1/Ciao_Italia_-_Cor_Mib.pdf', 'pdf', '2015-01-09 13:54:24', '2015-01-09 13:54:24', 3, 6, 0),
(608, 'Ciao Italia - Cornet Mib', 'scores/Cornet_Mib/4/1/Ciao_Italia_-_Cornet_Mib.pdf', 'pdf', '2015-01-09 13:56:03', '2015-01-09 13:56:03', 3, 75, 0),
(609, 'Ciao Italia - Euphonium Sib', 'scores/Tuba/4/1/Ciao_Italia_-_Euphonium_Sib.pdf', 'pdf', '2015-01-09 13:57:21', '2015-01-09 13:57:21', 3, 13, 0),
(610, 'Ciao Italia - Euphonium Ut', 'scores/Basse_Ut/4/1/Ciao_Italia_-_Euphonium_Ut.pdf', 'pdf', '2015-01-09 13:58:41', '2015-01-09 13:58:41', 3, 78, 0),
(611, 'Ciao Italia - Flute', 'scores/Flute_Traversiere/4/1/Ciao_Italia_-_Flute.pdf', 'pdf', '2015-01-09 14:00:31', '2015-01-09 14:00:31', 3, 2, 0),
(613, 'Ciao Italia - Mallets', 'scores/Xylophone/4/1/Ciao_Italia_-_Mallets.pdf', 'pdf', '2015-01-09 14:02:26', '2015-01-09 14:02:26', 3, 26, 0),
(614, 'Ciao Italia - Percussion', 'scores/Percussion_-_Accessoires/4/1/Ciao_Italia_-_Percussion.pdf', 'pdf', '2015-01-09 14:03:40', '2015-01-09 14:03:40', 3, 30, 0),
(615, 'Ciao Italia - Piccolo', 'scores/Piccolo/4/1/Ciao_Italia_-_Piccolo.pdf', 'pdf', '2015-01-09 14:04:30', '2015-01-09 14:04:30', 3, 8, 0),
(616, 'Ciao Italia - Sax Alto 1 et 2', 'scores/Saxophone_Alto/4/1/Ciao_Italia_-_Sax_Alto_1_et_2.pdf', 'pdf', '2015-01-09 14:05:45', '2015-01-09 14:05:45', 3, 9, 0),
(617, 'Ciao Italia - Sax baryton', 'scores/Saxophone_Baryton/4/1/Ciao_Italia_-_Sax_baryton.pdf', 'pdf', '2015-01-09 14:06:33', '2015-01-09 14:06:33', 3, 23, 0),
(618, 'Ciao Italia - Sax soprano', 'scores/Saxophone_Soprano/4/1/Ciao_Italia_-_Sax_soprano.pdf', 'pdf', '2015-01-09 14:07:23', '2015-01-09 14:07:23', 3, 81, 0),
(619, 'Ciao Italia - Sax ténor', 'scores/Saxophone_Tenor/4/1/Ciao_Italia_-_Sax_tenor.pdf', 'pdf', '2015-01-09 14:08:10', '2015-01-09 14:08:10', 3, 10, 0),
(620, 'Ciao Italia - Timpani', 'scores/Timbales/4/1/Ciao_Italia_-_Timpani.pdf', 'pdf', '2015-01-09 14:08:43', '2015-01-09 14:08:43', 3, 25, 0),
(621, 'Ciao Italia - Trombone', 'scores/Trombone/4/1/Ciao_Italia_-_Trombone.pdf', 'pdf', '2015-01-09 14:10:39', '2015-01-09 14:10:39', 3, 11, 0),
(622, 'Ciao Italia - Trompette 1,2 et 3', 'scores/Trompette/4/1/Ciao_Italia_-_Trompette_1,2_et_3.pdf', 'pdf', '2015-01-09 14:12:22', '2015-01-09 14:12:22', 3, 12, 0),
(623, 'Manuel Pratique Lecture Notes - Leçon 1', 'scores/Formation_Musicale/1/3/Manuel_Pratique_Lecture_Notes_-_Lecon_1.pdf', 'pdf', '2015-01-10 17:28:59', '2015-01-10 17:28:59', 3, 71, 0),
(624, 'Manuel Pratique Lecture Notes - Leçon 2', 'scores/Formation_Musicale/1/3/Manuel_Pratique_Lecture_Notes_-_Lecon_2.pdf', 'pdf', '2015-01-10 17:29:34', '2015-01-10 17:29:34', 3, 71, 0),
(625, 'Manuel Pratique Lecture Notes - Leçon 3', 'scores/Formation_Musicale/1/3/Manuel_Pratique_Lecture_Notes_-_Lecon_3.pdf', 'pdf', '2015-01-10 17:29:57', '2015-01-10 17:29:57', 3, 71, 0),
(626, 'Manuel Pratique Lecture Notes - Leçon 4', 'scores/Formation_Musicale/1/3/Manuel_Pratique_Lecture_Notes_-_Lecon_4.pdf', 'pdf', '2015-01-10 17:30:21', '2015-01-10 17:30:21', 3, 71, 0),
(627, 'Manuel Pratique Lecture Notes - Leçon 5', 'scores/Formation_Musicale/1/3/Manuel_Pratique_Lecture_Notes_-_Lecon_5.pdf', 'pdf', '2015-01-10 17:30:44', '2015-01-10 17:30:44', 3, 71, 0),
(628, 'Manuel Pratique Lecture Notes - Leçon 6', 'scores/Formation_Musicale/1/3/Manuel_Pratique_Lecture_Notes_-_Lecon_6.pdf', 'pdf', '2015-01-10 17:31:06', '2015-01-10 17:31:06', 3, 71, 0),
(629, 'Manuel Pratique Lecture Notes - Leçon 7', 'scores/Formation_Musicale/1/3/Manuel_Pratique_Lecture_Notes_-_Lecon_7.pdf', 'pdf', '2015-01-10 17:31:30', '2015-01-10 17:31:30', 3, 71, 0),
(631, '1 Paroles L''air du vent - Pocahontas', 'scores/Ecoles_Primaires/1/1/1_Paroles_L''air_du_vent_-_Pocahontas.pdf', 'pdf', '2015-01-12 13:05:27', '2015-01-12 13:05:27', 3, 82, 0),
(632, '2 Paroles Ce reve bleu - Aladdin', 'scores/Ecoles_Primaires/1/1/2_Paroles_Ce_reve_bleu_-_Aladdin.pdf', 'pdf', '2015-01-12 13:06:07', '2015-01-12 13:06:07', 3, 82, 0),
(633, '3 Paroles Il en faut peu pour être heureux', 'scores/Ecoles_Primaires/1/1/3_Paroles_Il_en_faut_peu_pour_etre_heureux.pdf', 'pdf', '2015-01-12 13:06:25', '2015-01-12 13:06:25', 3, 82, 0),
(634, '4 Paroles Histoire Eternelle', 'scores/Ecoles_Primaires/1/1/4_Paroles_Histoire_Eternelle.pdf', 'pdf', '2015-01-12 13:06:48', '2015-01-12 13:06:48', 3, 82, 0),
(635, '5 Paroles Zip a dee doh dah', 'scores/Ecoles_Primaires/1/1/5_Paroles_Zip_a_dee_doh_dah.pdf', 'pdf', '2015-01-12 13:07:17', '2015-01-12 13:07:17', 3, 82, 0),
(636, '6 Paroles L''univers de Jean Christophe', 'scores/Ecoles_Primaires/1/1/6_Paroles_L''univers_de_Jean_Christophe.pdf', 'pdf', '2015-01-12 13:07:44', '2015-01-12 13:07:44', 3, 82, 0),
(637, '7 Paroles Tendre Rêve - Cendrillon', 'scores/Ecoles_Primaires/1/1/7_Paroles_Tendre_Reve_-_Cendrillon.pdf', 'pdf', '2015-01-12 13:08:11', '2015-01-12 13:08:11', 3, 82, 0),
(638, '8 Paroles Je suis ton ami - Toy Story', 'scores/Ecoles_Primaires/1/1/8_Paroles_Je_suis_ton_ami_-_Toy_Story.pdf', 'pdf', '2015-01-12 13:08:36', '2015-01-12 13:08:36', 3, 82, 0),
(639, '1 Paroles L''air du vent - Pocahontas', 'scores/A_ta_portee/1/1/1_Paroles_L''air_du_vent_-_Pocahontas.pdf', 'pdf', '2015-01-13 21:52:37', '2015-01-13 21:52:37', 3, 34, 0),
(640, '2 Paroles Ce reve bleu - Aladdin', 'scores/A_ta_portee/1/1/2_Paroles_Ce_reve_bleu_-_Aladdin.pdf', 'pdf', '2015-01-13 21:53:12', '2015-01-13 21:53:12', 3, 34, 0),
(641, '3 Paroles Il en faut peu pour être heureux', 'scores/A_ta_portee/1/1/3_Paroles_Il_en_faut_peu_pour_etre_heureux.pdf', 'pdf', '2015-01-13 21:53:37', '2015-01-13 21:53:37', 3, 34, 0),
(642, '4 Paroles Histoire Eternelle', 'scores/A_ta_portee/1/1/4_Paroles_Histoire_Eternelle.pdf', 'pdf', '2015-01-13 21:54:03', '2015-01-13 21:54:03', 3, 34, 0),
(643, '5 Paroles Zip a dee doh dah', 'scores/A_ta_portee/1/1/5_Paroles_Zip_a_dee_doh_dah.pdf', 'pdf', '2015-01-13 21:54:36', '2015-01-13 21:54:36', 3, 34, 0),
(644, '6 Paroles L''univers de Jean Christophe', 'scores/A_ta_portee/1/1/6_Paroles_L''univers_de_Jean_Christophe.pdf', 'pdf', '2015-01-13 21:56:18', '2015-01-13 21:56:18', 3, 34, 0),
(645, '7 Paroles Tendre Rêve - Cendrillon', 'scores/A_ta_portee/1/1/7_Paroles_Tendre_Reve_-_Cendrillon.pdf', 'pdf', '2015-01-13 21:56:43', '2015-01-13 21:56:43', 3, 34, 0),
(646, '8 Paroles Je suis ton ami - Toy Story', 'scores/A_ta_portee/1/1/8_Paroles_Je_suis_ton_ami_-_Toy_Story.pdf', 'pdf', '2015-01-13 21:57:09', '2015-01-13 21:57:09', 3, 34, 0),
(647, 'Soirée irlandaise - Suil A Ruin.pdf', 'scores/A_ta_portee/1/1/Soiree_irlandaise_-_Suil_A_Ruin.pdf.pdf', 'pdf', '2015-01-13 22:12:06', '2015-01-13 22:12:06', 3, 34, 0),
(648, 'Soirée irlandaise - Scoltland the Brave', 'scores/A_ta_portee/1/1/Soiree_irlandaise_-_Scoltland_the_Brave.pdf', 'pdf', '2015-01-13 22:13:31', '2015-01-13 22:13:31', 3, 34, 0),
(649, 'Soirée irlandaise - Medley Irlandais', 'scores/A_ta_portee/1/1/Soiree_irlandaise_-_Medley_Irlandais.pdf', 'pdf', '2015-01-13 22:14:40', '2015-01-13 22:14:40', 3, 34, 0),
(650, 'Liste morceaux St Patrick MAJ130115', 'scores/A_ta_portee/1/1/Liste_morceaux_St_Patrick_MAJ130115.pdf', 'pdf', '2015-01-13 22:17:08', '2015-01-13 22:17:08', 3, 34, 0),
(651, 'Berceuse N°1 et 2', 'scores/Clarinette_Sib/1/1/Berceuse_N1_et_2.pdf', 'pdf', '2015-01-14 09:48:59', '2015-01-14 09:48:59', 3, 40, 0),
(652, 'Joyeux anniversaire', 'scores/Clarinette_Sib/1/2/Joyeux_anniversaire.pdf', 'pdf', '2015-01-14 09:51:11', '2015-01-14 09:51:11', 3, 41, 0),
(653, 'Berceuse N°1 et 2', 'scores/Clarinette_Sib/1/2/Berceuse_N1_et_2.pdf', 'pdf', '2015-01-14 09:51:43', '2015-01-14 09:51:43', 3, 41, 0),
(654, 'Manuel Pratique Lecture Notes - Lexique P1', 'scores/Formation_Musicale/1/3/Manuel_Pratique_Lecture_Notes_-_Lexique_P1.pdf', 'pdf', '2015-01-15 13:19:56', '2015-01-15 13:19:56', 3, 71, 0),
(655, 'Manuel Pratique Lecture Notes - Lexique P1', 'scores/Formation_Musicale/1/4/Manuel_Pratique_Lecture_Notes_-_Lexique_P1.pdf', 'pdf', '2015-01-15 13:20:56', '2015-01-15 13:20:56', 3, 72, 0),
(656, 'Manuel Pratique Lecture Notes - Leçon 1', 'scores/Formation_Musicale/1/4/Manuel_Pratique_Lecture_Notes_-_Lecon_1.pdf', 'pdf', '2015-01-15 13:21:16', '2015-01-15 13:21:16', 3, 72, 0),
(657, 'Manuel Pratique Lecture Notes - Leçon 2', 'scores/Formation_Musicale/1/4/Manuel_Pratique_Lecture_Notes_-_Lecon_2.pdf', 'pdf', '2015-01-15 13:21:59', '2015-01-15 13:21:59', 3, 72, 0),
(658, 'Manuel Pratique Lecture Notes - Leçon 3', 'scores/Formation_Musicale/1/4/Manuel_Pratique_Lecture_Notes_-_Lecon_3.pdf', 'pdf', '2015-01-15 13:22:19', '2015-01-15 13:22:19', 3, 72, 0),
(659, 'Manuel Pratique Lecture Notes - Leçon 4', 'scores/Formation_Musicale/1/4/Manuel_Pratique_Lecture_Notes_-_Lecon_4.pdf', 'pdf', '2015-01-15 13:23:11', '2015-01-15 13:23:11', 3, 72, 0),
(660, 'Manuel Pratique Lecture Notes - Leçon 5', 'scores/Formation_Musicale/1/4/Manuel_Pratique_Lecture_Notes_-_Lecon_5.pdf', 'pdf', '2015-01-15 13:23:45', '2015-01-15 13:23:45', 3, 72, 0),
(661, 'Manuel Pratique Lecture Notes - Leçon 6', 'scores/Formation_Musicale/1/4/Manuel_Pratique_Lecture_Notes_-_Lecon_6.pdf', 'pdf', '2015-01-15 13:24:13', '2015-01-15 13:24:13', 3, 72, 0),
(662, 'Manuel Pratique Lecture Notes - Leçon 7', 'scores/Formation_Musicale/1/4/Manuel_Pratique_Lecture_Notes_-_Lecon_7.pdf', 'pdf', '2015-01-15 13:24:34', '2015-01-15 13:24:34', 3, 72, 0),
(663, 'Manuel Pratique Lecture Notes - Lexique P1', 'scores/Formation_Musicale/2/1/Manuel_Pratique_Lecture_Notes_-_Lexique_P1.pdf', 'pdf', '2015-01-15 13:25:04', '2015-01-15 13:25:04', 3, 73, 0),
(664, 'Manuel Pratique Lecture Notes - Leçon 1', 'scores/Formation_Musicale/2/1/Manuel_Pratique_Lecture_Notes_-_Lecon_1.pdf', 'pdf', '2015-01-15 13:25:24', '2015-01-15 13:25:24', 3, 73, 0),
(665, 'Manuel Pratique Lecture Notes - Leçon 2', 'scores/Formation_Musicale/2/1/Manuel_Pratique_Lecture_Notes_-_Lecon_2.pdf', 'pdf', '2015-01-15 13:25:51', '2015-01-15 13:25:51', 3, 73, 0),
(666, 'Manuel Pratique Lecture Notes - Leçon 3', 'scores/Formation_Musicale/2/1/Manuel_Pratique_Lecture_Notes_-_Lecon_3.pdf', 'pdf', '2015-01-15 13:26:36', '2015-01-15 13:26:36', 3, 73, 0);
INSERT INTO `scores` (`id`, `name`, `url`, `extension`, `created`, `modified`, `user_id`, `course_id`, `audio_id`) VALUES
(667, 'Manuel Pratique Lecture Notes - Leçon 4', 'scores/Formation_Musicale/2/1/Manuel_Pratique_Lecture_Notes_-_Lecon_4.pdf', 'pdf', '2015-01-15 13:27:03', '2015-01-15 13:27:03', 3, 73, 0),
(668, 'Manuel Pratique Lecture Notes - Leçon 5', 'scores/Formation_Musicale/2/1/Manuel_Pratique_Lecture_Notes_-_Lecon_5.pdf', 'pdf', '2015-01-15 13:27:27', '2015-01-15 13:27:27', 3, 73, 0),
(669, 'Manuel Pratique Lecture Notes - Leçon 6', 'scores/Formation_Musicale/2/1/Manuel_Pratique_Lecture_Notes_-_Lecon_6.pdf', 'pdf', '2015-01-15 13:27:58', '2015-01-15 13:27:58', 3, 73, 0),
(670, 'Manuel Pratique Lecture Notes - Leçon 7', 'scores/Formation_Musicale/2/1/Manuel_Pratique_Lecture_Notes_-_Lecon_7.pdf', 'pdf', '2015-01-15 13:28:22', '2015-01-15 13:28:22', 3, 73, 0),
(671, 'Manuel Pratique Lecture Notes - Leçon 8', 'scores/Formation_Musicale/1/3/Manuel_Pratique_Lecture_Notes_-_Lecon_8.pdf', 'pdf', '2015-01-15 13:41:26', '2015-01-15 13:41:26', 3, 71, 0),
(672, 'Manuel Pratique Lecture Notes - Leçon 9', 'scores/Formation_Musicale/1/3/Manuel_Pratique_Lecture_Notes_-_Lecon_9.pdf', 'pdf', '2015-01-15 13:41:47', '2015-01-15 13:41:47', 3, 71, 0),
(673, 'Manuel Pratique Lecture Notes - Leçon 8', 'scores/Formation_Musicale/1/4/Manuel_Pratique_Lecture_Notes_-_Lecon_8.pdf', 'pdf', '2015-01-15 13:42:21', '2015-01-15 13:42:21', 3, 72, 0),
(674, 'Manuel Pratique Lecture Notes - Leçon 9', 'scores/Formation_Musicale/1/4/Manuel_Pratique_Lecture_Notes_-_Lecon_9.pdf', 'pdf', '2015-01-15 13:42:45', '2015-01-15 13:42:45', 3, 72, 0),
(675, 'Manuel Pratique Lecture Notes - Leçon 8', 'scores/Formation_Musicale/2/1/Manuel_Pratique_Lecture_Notes_-_Lecon_8.pdf', 'pdf', '2015-01-15 13:43:40', '2015-01-15 13:43:40', 3, 73, 0),
(676, 'Manuel Pratique Lecture Notes - Leçon 9', 'scores/Formation_Musicale/2/1/Manuel_Pratique_Lecture_Notes_-_Lecon_9.pdf', 'pdf', '2015-01-15 13:44:06', '2015-01-15 13:44:06', 3, 73, 0),
(677, 'Manuel Pratique Lecture Notes - Leçon 10', 'scores/Formation_Musicale/1/3/Manuel_Pratique_Lecture_Notes_-_Lecon_10.pdf', 'pdf', '2015-01-15 14:34:55', '2015-01-15 14:34:55', 3, 71, 0),
(678, 'Manuel Pratique Lecture Notes - Leçon 11', 'scores/Formation_Musicale/1/3/Manuel_Pratique_Lecture_Notes_-_Lecon_11.pdf', 'pdf', '2015-01-15 14:35:23', '2015-01-15 14:35:23', 3, 71, 0),
(679, 'Manuel Pratique Lecture Notes - Leçon 12', 'scores/Formation_Musicale/1/3/Manuel_Pratique_Lecture_Notes_-_Lecon_12.pdf', 'pdf', '2015-01-15 14:35:47', '2015-01-15 14:35:47', 3, 71, 0),
(680, 'Manuel Pratique Lecture Notes - Leçon 13', 'scores/Formation_Musicale/1/3/Manuel_Pratique_Lecture_Notes_-_Lecon_13.pdf', 'pdf', '2015-01-15 14:36:08', '2015-01-15 14:36:08', 3, 71, 0),
(681, 'Manuel Pratique Lecture Notes - Leçon 14', 'scores/Formation_Musicale/1/3/Manuel_Pratique_Lecture_Notes_-_Lecon_14.pdf', 'pdf', '2015-01-15 14:36:33', '2015-01-15 14:36:33', 3, 71, 0),
(682, 'Manuel Pratique Lecture Notes - Leçon 15', 'scores/Formation_Musicale/1/3/Manuel_Pratique_Lecture_Notes_-_Lecon_15.pdf', 'pdf', '2015-01-15 14:37:04', '2015-01-15 14:37:04', 3, 71, 0),
(683, 'Manuel Pratique Lecture Notes - Lexique P2', 'scores/Formation_Musicale/1/3/Manuel_Pratique_Lecture_Notes_-_Lexique_P2.pdf', 'pdf', '2015-01-15 14:37:29', '2015-01-15 14:37:29', 3, 71, 0),
(684, 'Manuel Pratique Lecture Notes - Leçon 10', 'scores/Formation_Musicale/1/4/Manuel_Pratique_Lecture_Notes_-_Lecon_10.pdf', 'pdf', '2015-01-15 14:38:37', '2015-01-15 14:38:37', 3, 72, 0),
(685, 'Manuel Pratique Lecture Notes - Leçon 11', 'scores/Formation_Musicale/1/4/Manuel_Pratique_Lecture_Notes_-_Lecon_11.pdf', 'pdf', '2015-01-15 14:39:12', '2015-01-15 14:39:12', 3, 72, 0),
(686, 'Manuel Pratique Lecture Notes - Leçon 12', 'scores/Formation_Musicale/1/4/Manuel_Pratique_Lecture_Notes_-_Lecon_12.pdf', 'pdf', '2015-01-15 14:39:39', '2015-01-15 14:39:39', 3, 72, 0),
(687, 'Manuel Pratique Lecture Notes - Leçon 13', 'scores/Formation_Musicale/1/4/Manuel_Pratique_Lecture_Notes_-_Lecon_13.pdf', 'pdf', '2015-01-15 14:40:03', '2015-01-15 14:40:03', 3, 72, 0),
(688, 'Manuel Pratique Lecture Notes - Leçon 14', 'scores/Formation_Musicale/1/4/Manuel_Pratique_Lecture_Notes_-_Lecon_14.pdf', 'pdf', '2015-01-15 14:40:44', '2015-01-15 14:40:44', 3, 72, 0),
(689, 'Manuel Pratique Lecture Notes - Leçon 15', 'scores/Formation_Musicale/1/4/Manuel_Pratique_Lecture_Notes_-_Lecon_15.pdf', 'pdf', '2015-01-15 14:41:12', '2015-01-15 14:41:12', 3, 72, 0),
(690, 'Manuel Pratique Lecture Notes - Lexique P2', 'scores/Formation_Musicale/1/4/Manuel_Pratique_Lecture_Notes_-_Lexique_P2.pdf', 'pdf', '2015-01-15 14:41:55', '2015-01-15 14:41:55', 3, 72, 0),
(691, 'Manuel Pratique Lecture Notes - Leçon 10', 'scores/Formation_Musicale/2/1/Manuel_Pratique_Lecture_Notes_-_Lecon_10.pdf', 'pdf', '2015-01-15 14:42:57', '2015-01-15 14:42:57', 3, 73, 0),
(692, 'Manuel Pratique Lecture Notes - Leçon 11', 'scores/Formation_Musicale/2/1/Manuel_Pratique_Lecture_Notes_-_Lecon_11.pdf', 'pdf', '2015-01-15 14:43:22', '2015-01-15 14:43:22', 3, 73, 0),
(693, 'Manuel Pratique Lecture Notes - Leçon 12', 'scores/Formation_Musicale/2/1/Manuel_Pratique_Lecture_Notes_-_Lecon_12.pdf', 'pdf', '2015-01-15 14:44:01', '2015-01-15 14:44:01', 3, 73, 0),
(694, 'Manuel Pratique Lecture Notes - Leçon 13', 'scores/Formation_Musicale/2/1/Manuel_Pratique_Lecture_Notes_-_Lecon_13.pdf', 'pdf', '2015-01-15 14:44:21', '2015-01-15 14:44:21', 3, 73, 0),
(695, 'Manuel Pratique Lecture Notes - Leçon 14', 'scores/Formation_Musicale/2/1/Manuel_Pratique_Lecture_Notes_-_Lecon_14.pdf', 'pdf', '2015-01-15 14:44:45', '2015-01-15 14:44:45', 3, 73, 0),
(696, 'Manuel Pratique Lecture Notes - Leçon 15', 'scores/Formation_Musicale/2/1/Manuel_Pratique_Lecture_Notes_-_Lecon_15.pdf', 'pdf', '2015-01-15 14:45:12', '2015-01-15 14:45:12', 3, 73, 0),
(697, 'Manuel Pratique Lecture Notes - Lexique P2', 'scores/Formation_Musicale/2/1/Manuel_Pratique_Lecture_Notes_-_Lexique_P2.pdf', 'pdf', '2015-01-15 14:45:46', '2015-01-15 14:45:46', 3, 73, 0),
(698, 'Manuel Pratique - Lecture de notes - Version intégrale 2015', 'scores/Formation_Musicale/2/1/Manuel_Pratique_-_Lecture_de_notes_-_Version_integrale_2015.pdf', 'pdf', '2015-01-15 14:46:44', '2015-01-15 14:46:44', 3, 73, 0),
(699, 'Manuel Pratique - Lecture de notes - Version intégrale 2015', 'scores/Formation_Musicale/1/3/Manuel_Pratique_-_Lecture_de_notes_-_Version_integrale_2015.pdf', 'pdf', '2015-01-15 14:48:09', '2015-01-15 14:48:09', 3, 71, 0),
(700, 'Manuel Pratique - Lecture de notes - Version intégrale 2015', 'scores/Formation_Musicale/1/4/Manuel_Pratique_-_Lecture_de_notes_-_Version_integrale_2015.pdf', 'pdf', '2015-01-15 14:48:38', '2015-01-15 14:48:38', 3, 72, 0),
(701, 'Planning Intervention AUDUN', 'scores/Ecoles_Primaires/1/1/Planning_Intervention_AUDUN.pdf', 'pdf', '2015-01-16 08:20:00', '2015-01-16 08:20:00', 3, 82, 0),
(702, '11 Paroles Can you feel the love tonight - le roi lion', 'scores/Ecoles_Primaires/1/1/11_Paroles_Can_you_feel_the_love_tonight_-_le_roi_lion.pdf', 'pdf', '2015-01-16 08:55:15', '2015-01-16 08:55:15', 3, 82, 0),
(703, '10 Paroles Gammes et arpèges - aristochats', 'scores/Ecoles_Primaires/1/1/10_Paroles_Gammes_et_arpeges_-_aristochats.pdf', 'pdf', '2015-01-16 08:56:09', '2015-01-16 08:56:09', 3, 82, 0),
(704, 'Liste des chants - liens youtube', 'scores/Ecoles_Primaires/1/1/Liste_des_chants_-_liens_youtube.pdf', 'pdf', '2015-01-16 08:57:05', '2015-01-16 08:57:05', 3, 82, 0),
(705, 'Projet Walt Disney 2015', 'scores/Ecoles_Primaires/1/1/Projet_Walt_Disney_2015.pdf', 'pdf', '2015-01-16 09:08:02', '2015-01-16 09:08:02', 3, 82, 0),
(706, '10 Paroles Gammes et arpèges - aristochats', 'scores/A_ta_portee/1/1/10_Paroles_Gammes_et_arpeges_-_aristochats.pdf', 'pdf', '2015-01-16 12:37:08', '2015-01-16 12:37:08', 3, 34, 0),
(707, 'Paroles Can you feel the love tonight - le roi lion', 'scores/A_ta_portee/1/1/Paroles_Can_you_feel_the_love_tonight_-_le_roi_lion.pdf', 'pdf', '2015-01-16 12:37:38', '2015-01-16 12:37:38', 3, 34, 0),
(708, '11 Paroles Can you feel the love tonight - le roi lion', 'scores/A_ta_portee/1/1/11_Paroles_Can_you_feel_the_love_tonight_-_le_roi_lion.pdf', 'pdf', '2015-01-16 12:52:53', '2015-01-16 12:52:53', 3, 34, 0),
(709, 'ConcertoDAmore - Bariton Sib', 'scores/Basse_Sib_et_Mib_/4/1/ConcertoDAmore_-_Bariton_Sib.pdf', 'pdf', '2015-01-16 13:08:43', '2015-01-16 13:08:43', 3, 29, 0),
(710, 'ConcertoDAmore - Basse Sib', 'scores/Basse_Sib_et_Mib_/4/1/ConcertoDAmore_-_Basse_Sib.pdf', 'pdf', '2015-01-16 13:09:10', '2015-01-16 13:09:10', 3, 29, 0),
(711, 'ConcertoDAmore - Batterie', 'scores/Batterie/4/1/ConcertoDAmore_-_Batterie.pdf', 'pdf', '2015-01-16 13:11:12', '2015-01-16 13:11:12', 3, 3, 0),
(712, 'ConcertoDAmore - Bugle 1 et 2', 'scores/Bugle/4/1/ConcertoDAmore_-_Bugle_1_et_2.pdf', 'pdf', '2015-01-16 13:11:53', '2015-01-16 13:11:53', 3, 32, 0),
(713, 'ConcertoDAmore - Clarinette 1,2 et 3', 'scores/Clarinette_Sib/4/1/ConcertoDAmore_-_Clarinette_1,2_et_3.pdf', 'pdf', '2015-01-16 13:12:42', '2015-01-16 13:12:42', 3, 5, 0),
(714, 'ConcertoDAmore - Cor Fa et Mib', 'scores/Cor/4/1/ConcertoDAmore_-_Cor_Fa_et_Mib.pdf', 'pdf', '2015-01-16 13:14:37', '2015-01-16 13:14:37', 3, 6, 0),
(715, 'ConcertoDAmore - Euphonium Sib', 'scores/Tuba/4/1/ConcertoDAmore_-_Euphonium_Sib.pdf', 'pdf', '2015-01-16 13:15:19', '2015-01-16 13:15:19', 3, 13, 0),
(716, 'ConcertoDAmore - Flute', 'scores/Flute_Traversiere/4/1/ConcertoDAmore_-_Flute.pdf', 'pdf', '2015-01-16 13:16:04', '2015-01-16 13:16:04', 3, 2, 0),
(717, 'ConcertoDAmore - Hautbois', 'scores/Hautbois/4/1/ConcertoDAmore_-_Hautbois.pdf', 'pdf', '2015-01-16 13:16:59', '2015-01-16 13:16:59', 3, 33, 0),
(718, 'ConcertoDAmore - Percussion 1', 'scores/Percussion_-_Accessoires/4/1/ConcertoDAmore_-_Percussion_1.pdf', 'pdf', '2015-01-16 13:17:29', '2015-01-16 13:17:29', 3, 30, 0),
(719, 'ConcertoDAmore - Sax alto 1', 'scores/Saxophone_Alto/4/1/ConcertoDAmore_-_Sax_alto_1.pdf', 'pdf', '2015-01-16 13:18:14', '2015-01-16 13:18:14', 3, 9, 0),
(720, 'ConcertoDAmore - Sax alto 2', 'scores/Saxophone_Alto/4/1/ConcertoDAmore_-_Sax_alto_2.pdf', 'pdf', '2015-01-16 13:18:46', '2015-01-16 13:18:46', 3, 9, 0),
(721, 'ConcertoDAmore - Sax baryton', 'scores/Saxophone_Baryton/4/1/ConcertoDAmore_-_Sax_baryton.pdf', 'pdf', '2015-01-16 13:19:24', '2015-01-16 13:19:24', 3, 23, 0),
(722, 'ConcertoDAmore - Sax ténor', 'scores/Saxophone_Tenor/4/1/ConcertoDAmore_-_Sax_tenor.pdf', 'pdf', '2015-01-16 13:20:03', '2015-01-16 13:20:03', 3, 10, 0),
(723, 'ConcertoDAmore - Timbales', 'scores/Timbales/4/1/ConcertoDAmore_-_Timbales.pdf', 'pdf', '2015-01-16 13:20:30', '2015-01-16 13:20:30', 3, 25, 0),
(724, 'ConcertoDAmore - Trombone', 'scores/Trombone/4/1/ConcertoDAmore_-_Trombone.pdf', 'pdf', '2015-01-16 13:21:23', '2015-01-16 13:21:23', 3, 11, 0),
(725, 'ConcertoDAmore - Trompette 1,2 et 3', 'scores/Trompette/4/1/ConcertoDAmore_-_Trompette_1,2_et_3.pdf', 'pdf', '2015-01-16 13:22:14', '2015-01-16 13:22:14', 3, 12, 0),
(726, 'ConcertoDAmore - Tuba Sib', 'scores/Tuba/4/1/ConcertoDAmore_-_Tuba_Sib.pdf', 'pdf', '2015-01-16 13:22:58', '2015-01-16 13:22:58', 3, 13, 0),
(729, 'Morceaux 2015', 'scores/Fa_Diese/4/1/Morceaux_2015.pdf', 'pdf', '2015-01-16 13:54:00', '2015-01-16 13:54:00', 3, 77, 0),
(730, 'ConcertoDAmore - Clarinette Basse', 'scores/Clarinette_Basse/4/1/ConcertoDAmore_-_Clarinette_Basse.pdf', 'pdf', '2015-01-16 13:56:59', '2015-01-16 13:56:59', 3, 4, 0),
(731, 'VivoPerLei - Bariton et Euphonium Sib', 'scores/Basse_Sib_et_Mib_/4/1/VivoPerLei_-_Bariton_et_Euphonium_Sib.pdf', 'pdf', '2015-01-16 13:57:39', '2015-01-16 13:57:39', 3, 29, 0),
(732, 'VivoPerLei - Basse Mib', 'scores/Basse_Sib_et_Mib_/4/1/VivoPerLei_-_Basse_Mib.pdf', 'pdf', '2015-01-16 14:00:03', '2015-01-16 14:00:03', 3, 29, 0),
(733, 'VivoPerLei - Basse Sib', 'scores/Basse_Sib_et_Mib_/4/1/VivoPerLei_-_Basse_Sib.pdf', 'pdf', '2015-01-16 14:00:36', '2015-01-16 14:00:36', 3, 29, 0),
(734, 'VivoPerLei - Batterie', 'scores/Batterie/4/1/VivoPerLei_-_Batterie.pdf', 'pdf', '2015-01-16 14:00:59', '2015-01-16 14:00:59', 3, 3, 0),
(735, 'VivoPerLei - Bugle Sib 1,2 et 3', 'scores/Bugle/4/1/VivoPerLei_-_Bugle_Sib_1,2_et_3.pdf', 'pdf', '2015-01-16 14:01:35', '2015-01-16 14:01:35', 3, 32, 0),
(736, 'VivoPerLei - Clarinette Basse Sib', 'scores/Clarinette_Basse/4/1/VivoPerLei_-_Clarinette_Basse_Sib.pdf', 'pdf', '2015-01-16 14:02:11', '2015-01-16 14:02:11', 3, 4, 0),
(737, 'VivoPerLei - Clarinette Sib 1,2 et 3', 'scores/Clarinette_Sib/4/1/VivoPerLei_-_Clarinette_Sib_1,2_et_3.pdf', 'pdf', '2015-01-16 14:03:46', '2015-01-16 14:03:46', 3, 5, 0),
(738, 'VivoPerLei - Cor Fa et Mib', 'scores/Cor/4/1/VivoPerLei_-_Cor_Fa_et_Mib.pdf', 'pdf', '2015-01-16 14:04:34', '2015-01-16 14:04:34', 3, 6, 0),
(739, 'VivoPerLei - Cornet Mib', 'scores/Cornet_Mib/4/1/VivoPerLei_-_Cornet_Mib.pdf', 'pdf', '2015-01-16 14:05:48', '2015-01-16 14:05:48', 3, 75, 0),
(740, 'VivoPerLei - Euphonium UT', 'scores/Basse_Ut/4/1/VivoPerLei_-_Euphonium_UT.pdf', 'pdf', '2015-01-16 14:06:21', '2015-01-16 14:06:21', 3, 78, 0),
(741, 'VivoPerLei - Flute', 'scores/Flute_Traversiere/4/1/VivoPerLei_-_Flute.pdf', 'pdf', '2015-01-16 14:07:06', '2015-01-16 14:07:06', 3, 2, 0),
(742, 'VivoPerLei - Guitare Basse', 'scores/Guitare_Basse/4/1/VivoPerLei_-_Guitare_Basse.pdf', 'pdf', '2015-01-16 14:07:35', '2015-01-16 14:07:35', 3, 27, 0),
(743, 'VivoPerLei - Hautbois', 'scores/Hautbois/4/1/VivoPerLei_-_Hautbois.pdf', 'pdf', '2015-01-16 14:08:22', '2015-01-16 14:08:22', 3, 33, 0),
(744, 'VivoPerLei - Sax alto 1 et 2', 'scores/Saxophone_Alto/4/1/VivoPerLei_-_Sax_alto_1_et_2.pdf', 'pdf', '2015-01-16 14:09:32', '2015-01-16 14:09:32', 3, 9, 0),
(745, 'VivoPerLei - Sax Baryton', 'scores/Saxophone_Baryton/4/1/VivoPerLei_-_Sax_Baryton.pdf', 'pdf', '2015-01-16 14:09:54', '2015-01-16 14:09:54', 3, 23, 0),
(746, 'VivoPerLei - Sax ténor 1', 'scores/Saxophone_Tenor/4/1/VivoPerLei_-_Sax_tenor_1.pdf', 'pdf', '2015-01-16 14:10:37', '2015-01-16 14:10:37', 3, 10, 0),
(747, 'VivoPerLei - Sax ténor 2', 'scores/Saxophone_Tenor/4/1/VivoPerLei_-_Sax_tenor_2.pdf', 'pdf', '2015-01-16 14:11:11', '2015-01-16 14:11:11', 3, 10, 0),
(748, 'VivoPerLei - Trombone', 'scores/Trombone/4/1/VivoPerLei_-_Trombone.pdf', 'pdf', '2015-01-16 14:12:09', '2015-01-16 14:12:09', 3, 11, 0),
(749, 'VivoPerLei - Trompette 1,2 et 3', 'scores/Trompette/4/1/VivoPerLei_-_Trompette_1,2_et_3.pdf', 'pdf', '2015-01-16 14:12:41', '2015-01-16 14:12:41', 3, 12, 0),
(750, 'VivoPerLei - Tuba UT', 'scores/Basse_Ut/4/1/VivoPerLei_-_Tuba_UT.pdf', 'pdf', '2015-01-16 14:13:11', '2015-01-16 14:13:11', 3, 78, 0),
(751, 'Liste morceaux St Patrick MAJ200115.pdf', 'scores/A_ta_portee/1/1/Liste_morceaux_St_Patrick_MAJ200115.pdf.pdf', 'pdf', '2015-01-22 10:04:57', '2015-01-22 10:04:57', 3, 34, 0),
(752, 'Fairytale', 'scores/A_ta_portee/1/1/Fairytale.pdf', 'pdf', '2015-01-22 10:05:39', '2015-01-22 10:05:39', 3, 34, 0),
(753, 'Soirée irlandaise - Fairytale', 'scores/A_ta_portee/1/1/Soiree_irlandaise_-_Fairytale.pdf', 'pdf', '2015-01-22 10:07:23', '2015-01-22 10:07:23', 3, 34, 0);

-- --------------------------------------------------------

--
-- Structure de la table `users`
--

CREATE TABLE IF NOT EXISTS `users` (
  `id` int(11) NOT NULL AUTO_INCREMENT,
  `firstname` varchar(255) NOT NULL,
  `lastname` varchar(255) NOT NULL,
  `email` varchar(255) NOT NULL,
  `password` varchar(255) NOT NULL,
  `last_connection` datetime NOT NULL,
  `verified` tinyint(1) NOT NULL,
  `created` datetime NOT NULL,
  `modified` datetime NOT NULL,
  `group_id` int(11) NOT NULL,
  PRIMARY KEY (`id`)
) ENGINE=InnoDB  DEFAULT CHARSET=latin1 AUTO_INCREMENT=106 ;

--
-- Contenu de la table `users`
--

INSERT INTO `users` (`id`, `firstname`, `lastname`, `email`, `password`, `last_connection`, `verified`, `created`, `modified`, `group_id`) VALUES
(2, 'Aurélien', 'MARTEL', 'aurelien.martel@gmail.com', '$2a$10$NSmvD8rqT0P8TlLz3DtPD.jkA3lylKtttuLMgseytxBVD/pLFryCC', '2015-05-16 15:07:52', 1, '2014-08-02 14:30:33', '2015-05-16 15:07:52', 1),
(3, 'Fabrice', 'DAUTANCOURT', 'dautafab51@hotmail.fr', '$2a$10$NGoFfIzO8N8A5C3ZOcrjCeFp02j23a.X1XWpmnBPT.I9qaaATYoee', '0000-00-00 00:00:00', 0, '2014-12-01 12:24:45', '2015-01-05 20:02:12', 1),
(4, 'Eric', 'MANGILI', 'eric@mangili.com', '$2a$10$K8a2RVSm8ZkiXpCoMAGVzu.m.qEY995HJ1LhdfJxaUc74o/1ZCtkq', '0000-00-00 00:00:00', 0, '2014-12-01 12:50:33', '2014-12-01 21:54:41', 3),
(5, 'Alyson', 'BROCHARD', 'brochard.alyson@live.fr', '$2a$10$NdHWseYtE750RV1J4YMVyuk.lPzDwY78M/tph02CtavWbmdQihiP2', '0000-00-00 00:00:00', 0, '2014-12-01 13:01:54', '2014-12-01 20:24:28', 3),
(6, 'Florent', 'CANONICO', 'flo.canonico@laposte.net', '$2a$10$nslCcHLb.JuBz0nw95ukeub.TifSNNaVQLxqCxCR6iYlTBp33B2k6', '0000-00-00 00:00:00', 0, '2014-12-01 13:02:29', '2014-12-01 20:26:55', 3),
(7, 'Nathalie', 'CARRY', 'nathalie.carry@laposte.net', '$2a$10$mb1aDQFpGPfzwLquaVcgrOlzy5eij8.f5MZL17Oo6RHCIiShOQjfq', '0000-00-00 00:00:00', 0, '2014-12-01 13:03:01', '2014-12-01 20:27:56', 3),
(8, 'Sandrine', 'FREGONESE', 'sandrine.fregonese@gmail.com', '$2a$10$swa8hFE46G6WvEJUUX1L0eHOU6fI2Ga82tLTuE4ccgdkqJG2TfZ0e', '0000-00-00 00:00:00', 0, '2014-12-01 13:03:37', '2014-12-01 20:41:51', 3),
(9, 'Amélie', 'EHRHART', 'ehrhart.amelie@neuf.fr', '$2a$10$iENV2AFlLttpyeke7K1j.uM4UZhdVNWQVIGLc2/pg3rg9fK1tCnSG', '0000-00-00 00:00:00', 0, '2014-12-01 13:04:22', '2014-12-01 20:30:26', 3),
(10, 'Simon', 'DEZAN', '2zan.simon@gmail.com', '$2a$10$lYA6FL4ChcXF/pDxeTAcuOLRYyWrjzJcdu1SgWLJ89c/RU3ioNqwy', '0000-00-00 00:00:00', 0, '2014-12-01 13:04:54', '2014-12-01 20:29:38', 3),
(11, 'David', 'EHRHART', 'ehrhart.david.e@gmail.com', '$2a$10$2BDTowXAI3Kbo6oEKxB9UeXbgiqp9CfInp5TO73eG.uZHdRncMG/i', '0000-00-00 00:00:00', 0, '2014-12-01 13:05:32', '2015-01-18 22:35:32', 3),
(12, 'Matthieu', 'EHRHART', 'whitegreenow@gmail.com', '$2a$10$0nrqC2O/whr79RKX/kCK8uYcqukunLs9gr1GPfEtK1AARYMnvynPG', '0000-00-00 00:00:00', 0, '2014-12-01 13:06:06', '2014-12-01 20:39:59', 3),
(13, 'Theo', 'FERRARI', 'ferrari.theo@orange.fr', '$2a$10$1ioOob9hxxmDUDyiAkLwiuO1tRN2odgqTI31fpCu.YPqezHUQRNaq', '0000-00-00 00:00:00', 0, '2014-12-01 13:06:37', '2014-12-01 20:40:46', 3),
(14, 'Bruno', 'FREGONESE', 'fregonese.bruno@orange.fr', '$2a$10$.ViNhG2TuxFWbdwNrIEyN.7QwPfJtXI44dD6AGDvACvVeAaCOHmVu', '0000-00-00 00:00:00', 0, '2014-12-01 13:07:05', '2015-01-10 12:09:31', 3),
(15, 'Thomas', 'FREGONESE', 'thomas.fregonese@arcelormittal.com', '$2a$10$Gelo7ZPeTDS3/xpGrut3U.nnS6HQOf8r4r/lgyafgs8XIxInDVy5y', '0000-00-00 00:00:00', 0, '2014-12-01 13:07:36', '2014-12-01 20:45:57', 3),
(16, 'Jacques', 'GRANDJEAN', 'jacques.grandjean@ac-nancy-metz.fr', '$2a$10$1kBDfjPPGhMcU0hBbCEW8.jWlMxmZc3liINFiNRWWOf2xySd3Wjgm', '0000-00-00 00:00:00', 0, '2014-12-01 13:08:21', '2014-12-01 20:46:55', 3),
(17, 'Fabrice', 'KIEMES', 'fabkim@free.fr', '$2a$10$Bc.iwB5bWwmbOrZuF4fD7uZ3WNjGMvLEmZckzH89BrijWbRfaC9CS', '0000-00-00 00:00:00', 0, '2014-12-01 13:08:56', '2015-01-05 14:52:55', 3),
(18, 'Daniel', 'KUBIAK', 'daniel57390@hotmail.fr', '$2a$10$9f6fw/VX4wG9ULqwMeYTTOc6WbLTW7a0wyzxznOofuZQcY6fRy2TS', '0000-00-00 00:00:00', 0, '2014-12-01 13:09:26', '2014-12-01 20:49:18', 3),
(19, 'Martin', 'KUBIAK', 'martin57390@hotmail.fr', '$2a$10$/cqtb8okyEBGV/k4CAjfGOL88O3YvzBcNiFCW6AXlxwy4B5Hr6Ala', '0000-00-00 00:00:00', 0, '2014-12-01 13:09:56', '2015-01-05 14:35:44', 3),
(20, 'Fabrice', 'DAUTANCOURT', 'dautafab51@gmail.com', '$2a$10$9ynEHhtH5LEh3gzmZFDAteI/m6MvHEIoxDSYf3kENNLCoPZwMTG3W', '0000-00-00 00:00:00', 0, '2014-12-01 13:11:22', '2014-12-18 11:04:15', 1),
(21, 'Jocelyne', 'MANGILI', 'jocelynemangili@hotmail.fr', '$2a$10$oOzqhiJdA3KQIow2Lv24ZO3.asKakr10q8/4Hk5j7RXNOA1B1yNmC', '0000-00-00 00:00:00', 0, '2014-12-01 13:12:47', '2015-01-05 14:55:46', 3),
(22, 'Emmanuelle', 'MUSA', 'e.bauret@hotmail.com', '$2a$10$WDjB1bBRUVUx8DjALKTLAuyU3TISYq8VHs6XuUpsBNnShlzs9hW2u', '0000-00-00 00:00:00', 0, '2014-12-01 13:13:48', '2014-12-04 23:42:02', 3),
(23, 'Céline', 'TOCCACELI', 'toccaceli-celine@wanadoo.fr', '$2a$10$YIb1kQf3dvzfMi0R4m9YKOjL4tpbtSZs6PIIjyoYihLER2pFsucle', '0000-00-00 00:00:00', 0, '2014-12-01 13:14:15', '2014-12-01 20:58:54', 3),
(24, 'Marie-anne', 'TOCCACELLI', 'orchidee.ma@wanadoo.fr', '$2a$10$dFsai4/qPH9OcPVk47V62efAKeNS4X6ZbXY/YwVv8UCIXw899Yip.', '0000-00-00 00:00:00', 0, '2014-12-01 13:14:45', '2014-12-01 21:00:16', 3),
(25, 'Oliver', 'VASIC', 'oliver.vasic@gmail.com', '$2a$10$tozJqMeozyqCROYS/j/WjuaqgoR92bV1OAUgG84ojOQekNCHGCChS', '0000-00-00 00:00:00', 0, '2014-12-01 13:15:22', '2014-12-01 21:01:10', 3),
(26, 'Laure', 'VAUDOIS', 'laury.gaga@laposte.net', '$2a$10$fzKVKFuhQnoRL6xEpAD1he.WGPUXpsqmmSGsgc0QNcMln0.4U0G6S', '0000-00-00 00:00:00', 0, '2014-12-01 13:15:48', '2014-12-01 21:01:56', 3),
(27, 'Lydie', 'VAUDOIS', 'lydie.vaudois@laposte.net', '$2a$10$tz/xqqNTWnBaYtTruIwN2epzXTxXjCK62AOrD5D9Vlu4XO5Tnovg2', '0000-00-00 00:00:00', 0, '2014-12-01 13:18:12', '2014-12-01 21:02:59', 3),
(28, 'Vincent', 'ANDRE', 'andre_vin@yahoo.fr', '$2a$10$QUFJsuJbqS1DWE0siEDpd.jDFghYaxY2rqYSZnPDjUDZZ0pAINQbW', '0000-00-00 00:00:00', 0, '2014-12-01 14:15:06', '2014-12-14 19:12:29', 3),
(29, 'Lucas', 'MATTIONI', 'lucas.mattioni@orange.fr', '$2a$10$m1vg1UL/s.VFON5BPECSfuiaVFGYMXWLBfbwLq27A6ncHWn3QzBpC', '0000-00-00 00:00:00', 0, '2014-12-02 00:58:35', '2014-12-18 11:04:02', 3),
(30, 'Radka', 'LUZZA', 'dominique.luzza@gmail.com', '$2a$10$Apu.3F2iec12RO7DwvBtAelz95wmaVhAanbsmNtbiy9wn42FFnOPm', '0000-00-00 00:00:00', 0, '2014-12-02 00:59:21', '2014-12-18 11:03:35', 3),
(31, 'Alexandre', 'MELLET', 'marcusdarkangel@aol.com', '$2a$10$Osius8Vb/p76o9epQW8t/e5PTbqIa1UPNw0oQ3Cmxf390h5mnXr4e', '0000-00-00 00:00:00', 0, '2014-12-02 01:00:11', '2014-12-18 11:19:52', 3),
(32, 'Maylis', 'VOICE', 'maylisvoices@gmail.com', '$2a$10$5/Vd05ZhguDG.1AJqb5NNuVdWHseqkEnIY9qgLZhyLz7dvd978ZJi', '0000-00-00 00:00:00', 0, '2014-12-02 01:01:38', '2014-12-26 17:36:21', 3),
(33, 'Shiva', 'KAVIANSPARS', 'kavianparsshiva@gmail.com', '$2a$10$AvlBOz8hnNQARmvBgaNw/uzh103SM6ddh4aBcisC23xx1/VaD70jK', '0000-00-00 00:00:00', 0, '2014-12-02 01:02:33', '2014-12-18 11:02:31', 3),
(34, 'Fabio', 'ANDREAZZA', 'bluebananas@orange.fr', '$2a$10$9bW1WJAFYZ1.ODoCU8DpqOOvITC/YA.bW.WfGRbsjDJie4yyEV8aa', '0000-00-00 00:00:00', 0, '2014-12-02 01:03:20', '2014-12-18 11:01:56', 3),
(35, 'Isabelle', 'HOFFERT', 'isabelle-hoffert@orange.fr', '$2a$10$hN1lf/6Tywc1vO0NmBylOe7itsHyWFwXI0dz.JimPKbQT6M1kK6sy', '0000-00-00 00:00:00', 0, '2014-12-08 12:49:56', '2015-01-04 19:23:43', 3),
(36, 'Théo et Fanny', 'VIVIER', 'beatrice.bertin0507@orange.fr', '$2a$10$39yLIUi6meH.orX1u4HkKOsDfTC0LgMUDd01LNcwRBYKfdgmhNLkm', '0000-00-00 00:00:00', 0, '2014-12-08 12:54:06', '2015-01-04 19:24:54', 3),
(37, 'Louison et Tara', 'BELLAIRE', 'isa.bellaire@gmail.com', '$2a$10$v9r9MS9O6QGqvKkz1MECUu40rqpMb5CZDLNveqGqvNz6o9fIYnJbe', '0000-00-00 00:00:00', 0, '2014-12-08 12:55:46', '2015-01-04 19:26:29', 3),
(38, 'Emma', 'MOENCH', 'kristell_leduc@yahoo.fr', '$2a$10$HRGMqXQz7RC3uLjSjZVz4uLNz0dShAWjz/LMNNyaTa44GazOXfZ5S', '0000-00-00 00:00:00', 0, '2014-12-08 12:59:26', '2014-12-08 13:01:51', 3),
(39, 'Naël', 'FIDOUD', 'aziz.fidoud@orange.fr', '$2a$10$X5VcTJXgwkX/RzC6W5k3ZOPZNWDHsovro2DjnaNbcTEEg3RF55Apq', '0000-00-00 00:00:00', 0, '2014-12-08 13:02:32', '2014-12-08 13:03:09', 3),
(40, 'Thelma', 'THIES LARANGEIRA', 'caphilo@sfr.fr', '$2a$10$e.K8sUieiQOKwLOCaeKgP.GrCzPkQZmFAQp69zyJKM0IT.0/Tfri6', '0000-00-00 00:00:00', 0, '2014-12-08 13:05:15', '2014-12-08 13:06:03', 3),
(41, 'Olivier', 'ANDRE', 'ovcreation@yahoo.fr', '$2a$10$ElN3ZRw2PILnH3srdcup6.zuiQl4DPW3ei2I1PoI1b9EKQ2hSRpku', '0000-00-00 00:00:00', 0, '2014-12-08 13:13:15', '2015-01-05 14:35:12', 3),
(42, 'Véronique', 'LORGE', 'verolorge@yahoo.fr', '$2a$10$0Au7.zpFwZXmyJn8KqJALekVUmXuw4F8jUFI4g9uyTJMNcZElBTsy', '0000-00-00 00:00:00', 0, '2014-12-08 13:20:19', '2014-12-08 13:20:54', 3),
(43, 'Priscilla', 'BALBONI', 'pris.cidu54@hotmail.fr', '$2a$10$qt2MJ1zVkDi1XhT0Lye8gOE6E5MEdbxuoaovm0EQYkVlqKeZeVitC', '0000-00-00 00:00:00', 0, '2014-12-08 13:21:29', '2014-12-08 13:21:52', 3),
(44, 'Benjamin et Jenna', 'BURROWS', 'helene.touvenin@yahoo.fr', '$2a$10$Wq1ed1Ta37c.48oOtFzQuey40R/em6A1dpXzPqapmqsSpht6/2sfG', '0000-00-00 00:00:00', 0, '2014-12-08 13:23:06', '2014-12-08 13:24:57', 3),
(45, 'Joel', 'CALIGUIRIMODELY', 'rogal54@aol.com', '$2a$10$U.cADk/OE/e65dh7fWB0Bes8UxnyTXFsgXSRaa03U5rKyK8C2xvpO', '0000-00-00 00:00:00', 0, '2014-12-08 13:25:39', '2015-01-15 09:58:21', 3),
(46, 'Marie', 'CATILLON', 'm_catillon@hotmail.fr', '$2a$10$ln2Y8tyTuw/fvsvZ3vdfTuYzmbod2L4W07Xx5CU/CWD26gt7tb6UW', '0000-00-00 00:00:00', 0, '2014-12-08 13:27:26', '2014-12-08 13:27:52', 3),
(47, 'Cindy', 'DAUTANCOURT', 'guymierdidi54@hotmail.com', '$2a$10$kYhgtylN7fvJKL5B37aa3Oiolioo14PC8P/Mj6bWlx5OJt/4b9e6O', '0000-00-00 00:00:00', 0, '2014-12-08 13:29:10', '2014-12-08 13:29:34', 3),
(48, 'Adrien et Flavien', 'DEBARROS', 'marie.alice.rodriges@orange.fr', '$2a$10$zXoM1BcQUW9i/JdIxK/u5eiKEqNLAoZKd45lycQu/mG0l1SehxYAG', '2015-01-23 13:05:52', 0, '2014-12-08 13:30:18', '2015-01-23 13:05:52', 3),
(49, 'Loic', 'DEGOUTIN', 'cedric.degoutin@neuf.fr', '$2a$10$1feGHrJONLqldaXBifEyp.UYF93MPKIQsINn29Xgg3TBtbtjaopI.', '0000-00-00 00:00:00', 0, '2014-12-08 13:30:53', '2015-01-15 09:57:12', 3),
(50, 'Bertrand', 'FRANCOIS', 'bertrand.francois54@orange.fr', '$2a$10$lRsgt7bZniMPaTTsgEKVLuh0Mc2HO3dzvxkGWkH6VN29VECAD0Dsm', '0000-00-00 00:00:00', 0, '2014-12-08 13:32:58', '2014-12-08 13:33:23', 3),
(51, 'Laura et Manon', 'FRANCOIS', 'isabelle.pournin@orange.fr', '$2a$10$J3XNYTl6yr.69TLolyBrOuG34DEeo/2/GI9ukwxjqZcd5T9vdxiLm', '0000-00-00 00:00:00', 0, '2014-12-08 13:34:06', '2015-01-04 19:29:21', 3),
(52, 'Jorge', 'GONCALVES DA SILVA', 'ruisantossilva71@hotmail.com', '$2a$10$uIshxKZr44wfzl/2IJBHkuXS32KGOmK7sEV9N9lkMx7l0SIx7fDTa', '0000-00-00 00:00:00', 0, '2014-12-08 14:11:35', '2014-12-08 14:12:02', 3),
(53, 'Thierry', 'HECHT', 'saxi54@yahoo.fr', '$2a$10$nAsgaRWt1CX1uojK9UPlA.idtz0o/pBZpFS8y2GgAfbMQ1ABKmkrO', '0000-00-00 00:00:00', 0, '2014-12-08 14:12:33', '2014-12-08 14:12:33', 3),
(54, 'Amandine et Joshua', 'ICIAKENE', 'amandine.richard54@orange.fr', '$2a$10$P6U8BO.6jjyhNh1GHLoF/eH2KJ/pDbx8WL4IBj035X41zEdnyI/Bi', '0000-00-00 00:00:00', 0, '2014-12-08 14:13:17', '2014-12-08 14:15:34', 3),
(55, 'Emmanuel', 'JARMELO', 'jarmelomanu@hotmail.fr', '$2a$10$2DAtJQiKBCEux/M38UX8QOra7fcw2S2h6wOwcjdQrh5q0nFROc/qa', '0000-00-00 00:00:00', 0, '2014-12-08 14:16:04', '2014-12-08 14:18:22', 3),
(56, 'Gaelle', 'JULLION', 'gaelle.jullion@yahoo.fr', '$2a$10$xFGUbwkWWeG1n0fJo8B33umrsLrUuScmH5Umnh0.ziTZMCt3tx3hO', '0000-00-00 00:00:00', 0, '2014-12-08 14:16:44', '2014-12-08 14:17:13', 3),
(57, 'Charline', 'KELSEN', 'laurenke@riv54.fr', '$2a$10$2AfuF2oUPikOI72GChtGxuqBS1KahL3EKCSIR6Bh/AWjjxTF8XVQ2', '0000-00-00 00:00:00', 0, '2014-12-08 14:18:46', '2014-12-08 14:19:44', 3),
(58, 'Gilles', 'MONCHOT', 'gilou54400@orange.fr', '$2a$10$Hzic4qXAwrA9mji5hGcwpu3phQme8McjP3BwlKO.qNcPd7d/59ZNO', '0000-00-00 00:00:00', 0, '2014-12-08 14:20:14', '2014-12-08 14:21:21', 3),
(59, 'Amandine', 'PACHOLIK', 'amandine.pacholik@hotmail.fr', '$2a$10$qhQsWwgwzKo6oeRfa1HpBuW3s36Iyyfycma9IkJoP9bwiF9TuAPf6', '0000-00-00 00:00:00', 0, '2014-12-08 14:21:49', '2014-12-08 14:22:30', 3),
(60, 'Véronique', 'PETTELOT', 'pettelot.lucien@neuf.fr', '$2a$10$C1hg/Ss23bgTmtQBsO1qLuibYGKUaZc0eFpDa9wDVfI9ABKo6zDXa', '0000-00-00 00:00:00', 0, '2014-12-08 14:24:11', '2014-12-08 14:24:42', 3),
(61, 'Christina', 'SAFAR', 'emanueljc@yahoo.fr', '$2a$10$qcUUbhv.ZqYX.cZO7qV8seFtjjeOKPNS4uOqcqq30ZduCyX9mp34i', '0000-00-00 00:00:00', 0, '2014-12-08 14:25:11', '2015-01-15 12:57:41', 3),
(62, 'Nicolas', 'TOGNON', 'nicolas.tognon@etudiant.univ-nancy2.fr', '$2a$10$gnu5ofnFTfxOde2/UcRhjOMViJCS6yKYeIqyqN2elpNo5xC/.0U/e', '0000-00-00 00:00:00', 0, '2014-12-08 14:25:56', '2014-12-08 14:26:26', 3),
(63, 'Aurélie', 'ONRAET', 'aonraet@gmail.com', '$2a$10$pwj/zyyk/Cnt2/56E5rMhefIxkW7wHMzlpa7OqHKv2BZt1aUdPplW', '0000-00-00 00:00:00', 0, '2014-12-08 15:36:55', '2014-12-08 15:38:08', 3),
(64, 'Lucine', 'LARRIERE', 'Emmanuel.LARRIERE@loreal.com', '$2a$10$EU3BMU5T4spJ4HO8oGCaXOeRxmBHTLOO0b.CElkXhGvImVV..0A3e', '0000-00-00 00:00:00', 0, '2014-12-08 16:18:38', '2015-01-06 01:09:29', 3),
(65, 'Simon', 'FERRARI', 'sylvie.werner@aliceadsl.fr', '$2a$10$bcavIsKWxQJg01qRtRJDpOOoMu39urXb74T7SLTJ3nydFO7GwLgb2', '0000-00-00 00:00:00', 0, '2014-12-08 16:20:49', '2014-12-08 16:21:37', 3),
(66, 'Christine', 'JANISZ', 'janisz@sfr.fr', '$2a$10$DVuM7/x0Mr3AEPTkRxkikeGAi9yDUx7qKQWDi4bzAb0tRsVwX4yKq', '0000-00-00 00:00:00', 0, '2014-12-31 10:13:29', '2014-12-31 10:13:29', 3),
(67, 'Léna', 'STOPPINI', 'stephane.stoppini@orange.fr', '$2a$10$jUXtoLtnAw9UIlm2zZuxdu3EYu63ln28DdSvATspqXBNarktDYJCK', '0000-00-00 00:00:00', 0, '2015-01-05 17:05:03', '2015-01-05 17:05:03', 3),
(68, 'Louane', 'FERRAI', 'julia.gueblez@orange.fr', '$2a$10$1AG/JmDHRYeZRTus9jtuy.qtMfVfbP51wrNlIliCDaKsGuFuNhr3m', '0000-00-00 00:00:00', 0, '2015-01-05 17:05:46', '2015-01-05 17:05:46', 3),
(69, 'Ethan', 'STEVENIN', 'indodams@hotmail.fr', '$2a$10$WWCOFPHoUAdbC.XSGmFpVuKKO05D7pcdyU/BKGcAyhAwkRB8Bf82O', '0000-00-00 00:00:00', 0, '2015-01-05 17:06:41', '2015-01-05 17:06:41', 3),
(70, 'Fabio', 'CARDELLINI', 'gerardina.blasetti@laposte.net', '$2a$10$ffkEkBO0TLn/FNhURzKLxu7TaCaLEazjNbauHJcL7sfbaU1/ebik.', '0000-00-00 00:00:00', 0, '2015-01-05 17:08:16', '2015-01-05 17:08:16', 3),
(71, 'Flavien', 'HENROTTE', 'nadege_robert@hotmail.fr', '$2a$10$XKhtsqsrnVDct.PRaAMkBuN6fpZt.1DT3SVC5jEKRWeHqAPc6tZB.', '0000-00-00 00:00:00', 0, '2015-01-05 17:09:55', '2015-01-05 17:09:55', 3),
(72, 'Julie', 'HUBERT', 'dhubert@hotmail.fr', '$2a$10$cfcGJK//YFOFvOVeV20tvull8xqYr948jNp2GmwLwod7Nzl8pKpE.', '0000-00-00 00:00:00', 0, '2015-01-05 17:10:58', '2015-01-05 17:10:58', 3),
(73, 'Agathe', 'GIROLDINI', 'val.giro@yahoo.fr', '$2a$10$19fdvretqpI3RgIR784d2OYsTycQ56ZWYtnSTHKZFmHnwYBwYPP0a', '0000-00-00 00:00:00', 0, '2015-01-05 17:12:07', '2015-01-05 17:12:07', 3),
(74, 'Théo', 'SPANO', 'anne.spano@neuf.fr', '$2a$10$cDsjUD1n1gQl2kkwr3TqQuHWAa/swuc4OFErQNiUHZOPGSVrq7aim', '0000-00-00 00:00:00', 0, '2015-01-05 17:13:15', '2015-01-05 17:13:15', 3),
(75, 'Enzo et Lucas', 'FERNANDES', 'audrey.reffay@orange.fr', '$2a$10$otUEjCMg./dTccJMubGlbelV0RQVmxfVw1PbsCVGUG2olhyNKcoke', '0000-00-00 00:00:00', 0, '2015-01-05 17:13:56', '2015-01-05 17:14:24', 3),
(76, 'Emmanuel', 'VITRANO', 'emmanuel.vitrano@wanadoo.fr', '$2a$10$bAGt9bMHtebPl94WIPTmDuB2xuMG77HmLJgo3aD5yJnWnTLTNCbmW', '0000-00-00 00:00:00', 0, '2015-01-05 17:15:30', '2015-01-05 17:15:30', 3),
(77, 'Enzo', 'SPANO', 'sylvie.spano@wanadoo.fr', '$2a$10$zswmQhIr9r2YyOJ9rTpvMuSdjFPhMuNqT2s/Z0yVO457.O7PdJNHC', '0000-00-00 00:00:00', 0, '2015-01-05 17:16:07', '2015-01-05 17:16:07', 3),
(78, 'Carla', 'SARDELITTI', 'marie-claire.sardelitti0768@orange.fr', '$2a$10$mOQ42RVIGt09wrotdQ0sFObRct29DgFNZ90dP/yuKULsBYv563f6u', '0000-00-00 00:00:00', 0, '2015-01-05 17:17:14', '2015-01-05 17:17:14', 3),
(79, 'Matéo', 'LUZZI', 'vanessa.luzi@wanadoo.fr', '$2a$10$gM.uQKJeVzZUsBsaRnmMZujMTcWXPfl6Xzsb5FP79Cono6bnNERW6', '0000-00-00 00:00:00', 0, '2015-01-05 17:17:46', '2015-01-05 17:17:46', 3),
(80, 'Eugénie', 'MIGLIACCIO', 'grosse.laurence@gmail.com', '$2a$10$IeSG0K8diRfARGD908A4NOPb.uqt6GlAQxR//2ofOS3YsNgd0HPw2', '0000-00-00 00:00:00', 0, '2015-01-05 17:18:59', '2015-01-05 17:18:59', 3),
(81, 'Lina', 'FABING', 'g.fabing@gmail.com', '$2a$10$96SKu.Dffo9baHFaiXxT5exKGVQyyY3LKRoPUiywqjFUVP5pvShK2', '0000-00-00 00:00:00', 0, '2015-01-05 17:19:39', '2015-01-15 09:36:32', 3),
(82, 'Yael', 'BALAGUER', 'audeszt@gmail.com', '$2a$10$2jXZMYxPqp4KGpMVY1jAq.BtN7o9rGGk439z1/GkG9rkmL67INwL.', '0000-00-00 00:00:00', 0, '2015-01-05 17:20:16', '2015-01-05 17:20:16', 3),
(83, 'Alexandre', 'HERAULT', 'alexandre_herault@yahoo.fr', '$2a$10$Wk8wOyXoFDVjxbXn2eebsuMgrrt0knt/XffQfJPux6dtUS.WGYaCq', '0000-00-00 00:00:00', 0, '2015-01-05 17:23:13', '2015-01-05 17:23:13', 3),
(84, 'Lise', 'GHESQUIERE', 'lise.ghesquiere@laposte.net', '$2a$10$8uMnf43RZ2WUTQ99a0.Hpugliny8TfRrPvXBu3E39tteTG.8rj6Na', '0000-00-00 00:00:00', 0, '2015-01-05 17:29:28', '2015-01-05 17:29:28', 3),
(85, 'Valentin', 'HUTIER', 'p.celine0245@orange.fr', '$2a$10$uyi78RhWmtA92Jzz38HNxO1Fdz4ukY4WFfVvQ0Z4RewXScWMLbz7K', '0000-00-00 00:00:00', 0, '2015-01-05 17:35:14', '2015-01-05 17:36:17', 3),
(86, 'Warda', 'BENNOUI', 'loulou4560@gmail.com', '$2a$10$3nZ0yRvdMnGnVpja9lWjYO5L0w6f49zyKKAiyL.wDvavIR8kT3B1q', '0000-00-00 00:00:00', 0, '2015-01-10 16:50:27', '2015-01-10 16:51:19', 3),
(87, 'Ecole', 'Primaire', 'ecoleprimaire@gmail.com', '$2a$10$zSHJVsPf2AEL9Kq5FKaMtOg.phfefv48bmckoFk5yGQ7360AaIZsK', '0000-00-00 00:00:00', 0, '2015-01-12 13:12:03', '2015-01-12 13:12:03', 3),
(88, 'Nael', 'BENSAAD', 'nathalie.olmi@orange.fr', '$2a$10$u8SJTmhhSng69Vm/SvB4U.x0LC.omiXh8dgPcorct.8MwkBXXnmZW', '0000-00-00 00:00:00', 0, '2015-01-15 09:29:49', '2015-01-15 09:29:49', 3),
(89, 'Illona et Lisa', 'RENELEAU', 'severine.reneleau@hotmail.fr', '$2a$10$AMKH28B.4VpJaSyAv08MgeeNl72UMANL2fcbRJul/vOpsEyt0Nqai', '0000-00-00 00:00:00', 0, '2015-01-15 09:34:13', '2015-01-15 09:40:10', 3),
(90, 'Maud', 'DULAC', 'maud.dulac@gmail.com', '$2a$10$tU6ilJD.0ElDT1F.Wj/AUOq4kf.J.iNh5q5uxSE5MWsKa1xlxe0na', '0000-00-00 00:00:00', 0, '2015-01-15 09:43:21', '2015-01-15 09:43:21', 3),
(105, 'Toto', 'Tata', '4arhus@gmail.com', '$2a$10$2uoPgy1aAD1Myfp3forEYe6FS5Oyu5RD3PcP2EeBaf4hY9clQOWPK', '2015-04-10 13:11:14', 0, '2015-01-29 17:02:02', '2015-04-10 13:11:14', 3);

/*!40101 SET CHARACTER_SET_CLIENT=@OLD_CHARACTER_SET_CLIENT */;
/*!40101 SET CHARACTER_SET_RESULTS=@OLD_CHARACTER_SET_RESULTS */;
/*!40101 SET COLLATION_CONNECTION=@OLD_COLLATION_CONNECTION */;
